enrollment_id,student_name,student_email,course_id,rating_score,completion_rate,enrollment_date,payment_method
ENROLL_00001,Allison Hill,donaldgarcia@example.net,632702,1.2,12,2026-08-20,Credit Card
ENROLL_00002,Leslie Johnson,robinsonwilliam@example.org,419318,4.9,52,2025-12-06,PayPal
ENROLL_00003,Matthew Gardner,shaneramirez@example.org,427040,2.1,68,2026-05-09,Bank Transfer
ENROLL_00004,Melissa Peterson,jasongallagher@example.org,791030,2.7,63,2024-12-08,Credit Card
ENROLL_00005,Ian Cooper,lindsay78@example.org,201942,3.5,69,2026-09-13,Credit Card
ENROLL_00006,Juan Calderon,barbara10@example.net,155344,4.7,56,2025-03-23,Credit Card
ENROLL_00007,Victoria Wyatt,jamesshawn@example.com,564966,4.3,10,2025-01-31,Bank Transfer
ENROLL_00008,Daniel Adams,lynchgeorge@example.net,742392,3.7,29,2025-04-05,Bank Transfer
ENROLL_00009,James Mayo,gabriellecameron@example.org,787096,2.8,28,2025-03-23,PayPal
ENROLL_00010,Renee Morales,clarksherri@example.net,256094,2.4,74,2025-05-29,Credit Card
ENROLL_00011,Jonathan Wilkerson,ithomas@example.org,941520,2.0,76,2026-04-28,Bank Transfer
ENROLL_00012,Deborah Richards,icox@example.net,518886,4.1,89,2025-10-15,Credit Card
ENROLL_00013,Anthony Rodriguez,laurahenderson@example.org,1142202,1.0,19,2025-07-22,Credit Card
ENROLL_00014,Zachary Rice,frazierdanny@example.net,994050,4.6,75,2026-05-03,Credit Card
ENROLL_00015,Martin Rodriguez,amoore@example.net,739910,3.1,34,2026-08-08,Credit Card
ENROLL_00016,Valerie Gill,harrellkenneth@example.net,330900,1.2,89,2025-10-26,PayPal
ENROLL_00017,Brittany Farmer,georgetracy@example.org,484132,1.3,23,2026-09-18,Bank Transfer
ENROLL_00018,William Roman,brianhumphrey@example.org,521440,1.2,29,2024-12-02,Credit Card
ENROLL_00019,Rose Spence,davidalvarez@example.net,201472,5.0,95,2025-02-02,Credit Card
ENROLL_00020,Shane Henderson,sarahcampos@example.net,399640,2.4,41,2025-03-02,PayPal
ENROLL_00021,Jennifer Powers,samuel87@example.org,184088,3.4,73,2025-04-07,Credit Card
ENROLL_00022,George Chapman,briannasmith@example.net,1196700,2.9,24,2026-01-30,Bank Transfer
ENROLL_00023,Austin Johnson,chad34@example.net,188828,4.7,42,2025-10-09,Bank Transfer
ENROLL_00024,Carlos Walls,esanchez@example.com,765562,3.5,57,2025-02-21,Bank Transfer
ENROLL_00025,Matthew Gomez,uowens@example.org,74004,3.1,83,2026-03-04,Credit Card
ENROLL_00026,Maria Brown,lauren13@example.org,524248,2.9,91,2025-02-21,Bank Transfer
ENROLL_00027,Brenda White,ewright@example.com,642656,4.6,48,2026-06-16,Bank Transfer
ENROLL_00028,Krista Williams,novaksara@example.org,452182,2.2,45,2025-02-03,Credit Card
ENROLL_00029,John Hancock,martinaaron@example.com,560662,3.0,98,2025-04-20,Bank Transfer
ENROLL_00030,Rachel Mitchell,smoore@example.org,924216,1.1,32,2024-11-11,Credit Card
ENROLL_00031,Kimberly Adkins,williamsthomas@example.net,505208,2.3,91,2025-01-27,Credit Card
ENROLL_00032,Jordan York,larsonemma@example.org,53556,1.9,16,2025-08-06,Bank Transfer
ENROLL_00033,Steve Sanchez,harveyrobert@example.net,788756,1.2,21,2025-12-10,PayPal
ENROLL_00034,Taylor Harris,john62@example.net,964732,3.4,85,2026-02-10,Credit Card
ENROLL_00035,Eugene Walton,smithchristine@example.net,988678,3.2,92,2024-12-13,PayPal
ENROLL_00036,Daniel Baker,nicole35@example.com,1142428,4.4,11,2025-01-27,Credit Card
ENROLL_00037,Joshua Turner,contrerasangela@example.net,362530,3.5,36,2024-12-16,Bank Transfer
ENROLL_00038,Brandy Wilson,newtoneric@example.com,859422,3.9,50,2026-01-09,PayPal
ENROLL_00039,Grant Watts,william40@example.org,374404,3.0,26,2026-02-01,Credit Card
ENROLL_00040,Donald Smith,danagreen@example.net,1209694,2.7,60,2025-09-05,PayPal
ENROLL_00041,Jessica Smith,landryhannah@example.org,65105,4.9,22,2025-11-24,Bank Transfer
ENROLL_00042,Jacob Tran,tanderson@example.com,863954,4.2,55,2026-08-26,PayPal
ENROLL_00043,Valerie Williams,jason31@example.com,813142,2.9,49,2026-05-25,Bank Transfer
ENROLL_00044,Shelly Dickson,sarayoung@example.org,1172166,4.3,33,2026-06-10,Bank Transfer
ENROLL_00045,Sierra Johnson,kimberly63@example.com,311530,5.0,91,2025-01-28,PayPal
ENROLL_00046,Ashley Brennan,dwalker@example.com,313484,2.7,88,2025-05-22,Bank Transfer
ENROLL_00047,Shelby Walker,raymondramirez@example.org,745110,1.0,24,2026-05-20,Credit Card
ENROLL_00048,Martin Ross,sheila14@example.org,637430,2.6,81,2025-12-21,Credit Card
ENROLL_00049,Deborah Rodriguez,yreed@example.com,519442,3.7,38,2025-08-31,Bank Transfer
ENROLL_00050,Kayla Cruz,jonathanfletcher@example.org,384318,3.1,62,2025-11-04,PayPal
ENROLL_00051,Kimberly Ball,michaeljones@example.net,357726,2.8,66,2026-09-12,PayPal
ENROLL_00052,Erik Charles,william65@example.com,773824,3.2,10,2026-03-22,PayPal
ENROLL_00053,Cameron Fisher,lbyrd@example.net,570416,2.7,21,2025-12-13,Credit Card
ENROLL_00054,Joshua Smith,jason99@example.net,744696,2.1,62,2025-06-04,Bank Transfer
ENROLL_00055,Jeremy Lewis,yleon@example.net,309854,2.7,51,2025-02-05,Credit Card
ENROLL_00056,Diane Beck,clarence34@example.org,537896,4.2,83,2026-06-15,Credit Card
ENROLL_00057,Alexander Sanchez,xcarr@example.org,1051430,2.2,40,2025-09-15,Credit Card
ENROLL_00058,Mark Lee,psnyder@example.org,777932,2.4,57,2026-02-18,Credit Card
ENROLL_00059,Stephanie Dalton,osbornejeffery@example.net,364986,2.8,75,2025-11-03,Credit Card
ENROLL_00060,Justin Lowery,bryantlaurie@example.net,990284,3.1,17,2025-11-13,Bank Transfer
ENROLL_00061,Linda Dodson DVM,jrivas@example.com,599652,3.0,68,2026-08-24,Credit Card
ENROLL_00062,Scott Cole,maryramirez@example.net,740764,2.2,93,2025-10-08,Credit Card
ENROLL_00063,Denise Jones,jimmy55@example.net,725906,2.2,89,2024-11-28,PayPal
ENROLL_00064,David Benson,calebrussell@example.net,496006,1.9,70,2025-09-23,PayPal
ENROLL_00065,Daniel Fisher,gateskathy@example.com,371896,4.1,79,2025-10-02,PayPal
ENROLL_00066,Guy Molina,vmedina@example.net,773156,3.1,48,2026-06-10,Credit Card
ENROLL_00067,Connie Robinson,ytucker@example.com,598266,3.5,55,2026-02-28,PayPal
ENROLL_00068,Jennifer Martin,ncalhoun@example.net,612528,1.0,29,2024-10-17,Credit Card
ENROLL_00069,Leslie Alvarado,dayderek@example.com,1172166,1.5,30,2025-02-15,PayPal
ENROLL_00070,James Lewis,matthew64@example.com,70640,3.4,30,2025-04-10,PayPal
ENROLL_00071,Julie Curry,cookemichael@example.net,256200,2.6,15,2024-11-19,Credit Card
ENROLL_00072,Marissa Webster,jamessmith@example.org,971022,2.8,23,2025-03-31,PayPal
ENROLL_00073,Michael Elliott,stevenscott@example.com,733694,2.1,36,2025-02-04,Credit Card
ENROLL_00074,Tracey Higgins,tamirodriguez@example.org,1275872,2.6,13,2026-09-18,Credit Card
ENROLL_00075,Michael Rubio,mdavid@example.org,1214702,2.8,76,2025-12-30,PayPal
ENROLL_00076,Lori Garcia,melissa91@example.net,1036338,3.2,34,2026-05-27,Bank Transfer
ENROLL_00077,Joseph Stanley,huntermatthew@example.com,188418,4.6,44,2026-06-27,Bank Transfer
ENROLL_00078,Jeffrey Cox PhD,bzimmerman@example.org,1078254,1.7,58,2026-04-19,Credit Card
ENROLL_00079,Marie Gilbert,umarshall@example.net,1084642,1.1,99,2025-04-23,Bank Transfer
ENROLL_00080,David Michael,nicole37@example.net,558432,3.8,77,2026-01-14,Bank Transfer
ENROLL_00081,Gabrielle Snyder,hunter35@example.com,540724,4.7,53,2025-06-18,Bank Transfer
ENROLL_00082,Kyle Beard,blackjames@example.org,149602,1.8,38,2026-04-09,PayPal
ENROLL_00083,Justin Allen,fbrewer@example.com,481696,3.8,21,2026-06-04,Credit Card
ENROLL_00084,Edward Sullivan,kevinperkins@example.com,696616,1.1,55,2025-11-30,PayPal
ENROLL_00085,Jessica Reese,michael74@example.com,607362,2.6,36,2025-04-10,Credit Card
ENROLL_00086,Nathan Stewart,jamesrodgers@example.com,964732,3.6,47,2026-04-12,Bank Transfer
ENROLL_00087,Paige Carlson,wallkenneth@example.com,579642,1.1,72,2025-02-13,PayPal
ENROLL_00088,Michael Martinez,mccannangela@example.net,778226,1.3,20,2025-01-03,Credit Card
ENROLL_00089,Nicole Garcia,andrewstaylor@example.com,1214144,1.7,76,2025-06-18,Bank Transfer
ENROLL_00090,Anthony Everett,ewilson@example.com,806536,3.9,98,2025-10-13,Credit Card
ENROLL_00091,Mark Brown,lisaavery@example.org,222976,2.5,15,2025-04-07,Credit Card
ENROLL_00092,Phillip Obrien,kimberlyjames@example.com,83736,4.8,82,2025-05-15,Bank Transfer
ENROLL_00093,Wanda Torres,lynchjody@example.org,75182,1.3,41,2026-01-25,Credit Card
ENROLL_00094,Matthew Moore,andreamoore@example.com,482924,3.4,87,2025-09-11,Credit Card
ENROLL_00095,Julie Johnson,jasmine71@example.net,722176,4.9,18,2025-03-27,PayPal
ENROLL_00096,Rachel Weber,ronaldstephens@example.net,759972,4.8,97,2025-01-20,Credit Card
ENROLL_00097,Samantha Jones,lauralarson@example.net,146454,2.7,25,2026-09-12,PayPal
ENROLL_00098,Caleb Barker,gbender@example.net,1015274,3.3,24,2025-10-15,Bank Transfer
ENROLL_00099,Kyle Preston,cassandra01@example.org,562668,1.1,20,2026-03-04,Bank Transfer
ENROLL_00100,Laura Sampson,barbara27@example.net,382258,1.6,26,2026-02-15,Credit Card
ENROLL_00101,Donald Shea,fwalters@example.org,876646,2.8,70,2025-09-27,Credit Card
ENROLL_00102,Gary Santiago,marksteele@example.com,1246636,3.6,10,2026-02-23,PayPal
ENROLL_00103,Robin Pierce,qmiller@example.com,1046940,2.3,89,2024-12-26,PayPal
ENROLL_00104,Jennifer Robertson,sandovalamy@example.com,206332,2.7,96,2024-11-08,Credit Card
ENROLL_00105,Isaiah Avila,nwolf@example.com,680046,1.9,88,2025-11-27,PayPal
ENROLL_00106,Dwayne Gilmore,omartinez@example.net,709180,2.4,40,2026-06-09,PayPal
ENROLL_00107,Christopher Pierce,hdavis@example.com,403106,3.1,17,2024-12-27,Credit Card
ENROLL_00108,Brittany Cantu,william46@example.com,720994,4.0,23,2025-09-28,PayPal
ENROLL_00109,Juan Reyes,michellehill@example.com,136244,4.9,99,2025-06-17,PayPal
ENROLL_00110,Katie Hoover,jessica99@example.net,745110,4.1,74,2025-10-12,Credit Card
ENROLL_00111,Jill Washington,andrea86@example.com,482534,4.2,44,2026-09-21,Bank Transfer
ENROLL_00112,Colin Terry,xhall@example.com,353224,4.2,83,2024-10-30,Credit Card
ENROLL_00113,John Mcintyre,qhughes@example.net,74016,4.5,38,2025-01-23,Credit Card
ENROLL_00114,Andrew Shaw MD,sawyerscott@example.net,647442,4.0,24,2026-09-04,Credit Card
ENROLL_00115,Nathan Ortiz,charlesharrington@example.com,947098,2.9,71,2025-06-16,Credit Card
ENROLL_00116,Jennifer Miller,melissa86@example.com,556248,4.7,45,2026-01-26,Bank Transfer
ENROLL_00117,Olivia Brennan,williamsonjimmy@example.net,1274210,3.9,18,2026-09-12,Credit Card
ENROLL_00118,Darren Davis,hodgesjane@example.org,998580,4.3,47,2025-09-06,Bank Transfer
ENROLL_00119,Elijah Johnson,laura45@example.com,1000966,4.7,77,2025-08-27,PayPal
ENROLL_00120,Joseph Knight,georgemiller@example.com,627332,1.8,88,2026-01-21,PayPal
ENROLL_00121,Kathleen Aguilar,stevenking@example.com,855188,1.3,82,2026-02-26,Credit Card
ENROLL_00122,Robert Santana,charleslandry@example.net,677802,3.1,57,2025-05-17,Bank Transfer
ENROLL_00123,Jessica Wright,james67@example.org,829962,3.8,86,2025-03-30,PayPal
ENROLL_00124,Ian Phillips,andrew64@example.org,648506,2.3,83,2025-12-10,Credit Card
ENROLL_00125,Paula Beltran,swall@example.org,972704,2.5,32,2026-01-11,PayPal
ENROLL_00126,Colleen Lee,erica21@example.net,1250694,3.4,67,2026-02-11,Bank Transfer
ENROLL_00127,Richard Johnson,jessica14@example.com,1170920,4.4,66,2026-04-30,PayPal
ENROLL_00128,Curtis Buchanan,alyssa42@example.com,584758,2.6,26,2026-09-06,PayPal
ENROLL_00129,Karen Drake,linda71@example.org,1242604,1.8,77,2026-05-05,Bank Transfer
ENROLL_00130,Shannon Ramsey,zcoffey@example.net,389834,3.3,96,2025-07-08,PayPal
ENROLL_00131,James Baker,gibsonemily@example.net,139792,1.1,22,2025-04-18,Bank Transfer
ENROLL_00132,Samantha Bentley,leonardthomas@example.net,989452,3.3,53,2026-08-14,Credit Card
ENROLL_00133,Erin Bishop,reidsteven@example.net,64739,1.2,21,2025-05-19,Bank Transfer
ENROLL_00134,Audrey Williams,torrestravis@example.org,1146288,1.4,66,2025-03-28,Credit Card
ENROLL_00135,Brandy Chavez,umatthews@example.org,1013676,4.6,51,2026-08-15,Credit Card
ENROLL_00136,Brett Burns,rcrosby@example.org,935108,4.2,57,2026-03-17,PayPal
ENROLL_00137,Jeremy Sampson,cory58@example.net,1173716,1.8,76,2025-07-02,Bank Transfer
ENROLL_00138,Donald Donaldson,ndavis@example.net,823996,4.7,75,2026-02-05,PayPal
ENROLL_00139,Alison Buchanan,vanessabuchanan@example.org,278948,3.7,30,2024-11-19,Credit Card
ENROLL_00140,Kristen Willis,markhernandez@example.net,441112,2.3,23,2024-09-29,Bank Transfer
ENROLL_00141,William Huerta,lauren10@example.org,835082,1.0,76,2024-10-08,Credit Card
ENROLL_00142,Richard Chapman,thompsonbrian@example.net,1131780,3.6,92,2025-08-19,Credit Card
ENROLL_00143,Nichole Alvarez,william17@example.net,1162656,2.6,23,2025-03-18,Bank Transfer
ENROLL_00144,Amanda Logan,stephen00@example.com,939668,4.8,34,2026-07-17,PayPal
ENROLL_00145,Michael Henry,fjones@example.com,1084454,3.6,56,2026-01-12,PayPal
ENROLL_00146,Cameron Weber,oscar98@example.com,1121696,1.5,60,2025-09-14,Credit Card
ENROLL_00147,Jessica Mcguire,farrelldebra@example.net,505780,4.9,14,2026-04-09,Bank Transfer
ENROLL_00148,Jessica Beasley,dmorgan@example.com,862478,2.4,81,2025-08-16,Credit Card
ENROLL_00149,Emily Edwards,nicholas27@example.org,374566,3.2,77,2024-12-06,Credit Card
ENROLL_00150,Anna Davis,lisa80@example.net,965528,1.8,89,2025-12-07,Credit Card
ENROLL_00151,Meagan Jenkins,uparrish@example.org,181294,2.1,99,2025-05-08,Credit Card
ENROLL_00152,Heather Lane,ericolson@example.org,904144,3.0,31,2025-06-25,PayPal
ENROLL_00153,Holly Farmer,lindsaybruce@example.net,1082996,4.4,72,2026-01-16,PayPal
ENROLL_00154,Kristin Lynch,anthony44@example.com,545524,4.2,76,2025-06-26,PayPal
ENROLL_00155,Sergio Knight,vjones@example.net,813360,2.6,77,2024-10-20,Credit Card
ENROLL_00156,Joseph Bennett,xpeterson@example.com,446022,3.5,46,2026-04-10,Credit Card
ENROLL_00157,Todd Carlson,moorekaren@example.org,1055424,3.6,10,2026-03-04,Bank Transfer
ENROLL_00158,Jeremy Coleman,nperry@example.net,908996,3.9,68,2024-12-24,PayPal
ENROLL_00159,Brian Gregory,trose@example.org,212506,3.2,30,2025-03-17,PayPal
ENROLL_00160,Kyle Smith,sierra24@example.com,779000,1.8,54,2025-06-08,Credit Card
ENROLL_00161,Jonathan Jordan,omarpadilla@example.net,1243016,1.4,78,2025-12-04,Bank Transfer
ENROLL_00162,Renee Jones,grahamsteve@example.org,661774,1.7,50,2026-07-28,Credit Card
ENROLL_00163,Jeffrey Sullivan,zroberts@example.org,967410,2.2,61,2025-06-06,PayPal
ENROLL_00164,Travis Stevens,christopher13@example.com,574974,4.3,14,2025-12-28,Credit Card
ENROLL_00165,Blake Harrell,jeffrey21@example.net,563708,2.1,18,2026-01-31,PayPal
ENROLL_00166,Jordan Bullock,michael23@example.org,37821,3.6,18,2025-01-18,Bank Transfer
ENROLL_00167,Christopher Hernandez,thompsonkendra@example.com,459888,4.6,64,2025-09-22,Credit Card
ENROLL_00168,Olivia Cole,michelle52@example.com,877036,4.1,23,2024-11-19,Bank Transfer
ENROLL_00169,Mark Hogan,bellcharles@example.com,218416,4.4,88,2025-09-13,Bank Transfer
ENROLL_00170,Jacob Mitchell,gilbertwilliam@example.com,794151,3.8,43,2025-12-21,Bank Transfer
ENROLL_00171,Rebecca Huang,kstout@example.net,922464,2.0,29,2025-02-20,Credit Card
ENROLL_00172,John Hernandez,hayeslisa@example.com,552504,4.4,82,2026-04-04,Credit Card
ENROLL_00173,Matthew Williams,hritter@example.net,406424,2.0,35,2026-01-13,Credit Card
ENROLL_00174,Jake Campbell,rschroeder@example.net,963664,4.4,77,2024-11-06,Credit Card
ENROLL_00175,Maria Jones,grantpaul@example.com,1054814,1.1,28,2026-04-12,PayPal
ENROLL_00176,Tracey Morrison,mathewaguilar@example.org,931626,1.9,69,2026-09-09,PayPal
ENROLL_00177,Walter Hale,tanderson@example.org,63712,4.6,73,2025-05-25,Bank Transfer
ENROLL_00178,Maria Murphy,elizabethcalderon@example.net,978850,2.1,57,2026-03-13,Credit Card
ENROLL_00179,Anna Santiago,andrew42@example.org,462474,3.3,45,2025-06-19,Credit Card
ENROLL_00180,Katelyn Perez,ericphillips@example.org,745306,3.3,35,2025-10-26,Credit Card
ENROLL_00181,Sandy Stephenson,stanleynancy@example.net,908324,3.2,46,2025-01-06,Bank Transfer
ENROLL_00182,Brittany White,jenniferwilliams@example.com,944804,2.6,42,2026-03-06,Bank Transfer
ENROLL_00183,Tracy Bishop,pyoung@example.com,269082,2.8,73,2026-06-17,Credit Card
ENROLL_00184,Stephanie Lee,smurray@example.com,30240,4.2,56,2025-10-22,PayPal
ENROLL_00185,Tracy Montoya,moniquewilliams@example.com,64605,4.5,31,2026-08-06,Credit Card
ENROLL_00186,Timothy Dawson,mitchellkathryn@example.com,808808,3.8,51,2025-09-10,Credit Card
ENROLL_00187,Brittany Kim,lisawilkerson@example.org,515256,3.3,94,2025-08-15,Bank Transfer
ENROLL_00188,Jonathan Young,brooksanthony@example.org,619610,2.1,90,2026-07-10,Bank Transfer
ENROLL_00189,Gabriela Thomas,mitchellmaria@example.net,803378,1.7,18,2026-07-04,Credit Card
ENROLL_00190,Michael West,bullockandrew@example.org,788514,2.4,35,2026-07-07,Bank Transfer
ENROLL_00191,Todd Lynch,srodriguez@example.org,324226,2.6,12,2025-05-18,Credit Card
ENROLL_00192,David Fowler,fbrown@example.net,1132342,2.8,65,2025-11-17,Credit Card
ENROLL_00193,Jose Allen,kellysmith@example.com,631276,2.6,76,2025-04-01,PayPal
ENROLL_00194,Chelsea Barnett,carlos88@example.net,58977,4.5,91,2026-05-30,Credit Card
ENROLL_00195,Kristen Myers DDS,qzavala@example.net,1159988,2.8,100,2024-10-09,Credit Card
ENROLL_00196,Austin Allen,ingramjill@example.com,1065198,3.7,58,2025-01-08,PayPal
ENROLL_00197,Joshua Li,mariacohen@example.net,1165096,1.5,60,2025-10-03,Credit Card
ENROLL_00198,Robin Brown,mjohnson@example.org,993510,4.3,23,2026-06-03,PayPal
ENROLL_00199,Andrew Mahoney,ihays@example.com,410974,4.7,25,2025-04-11,Credit Card
ENROLL_00200,Matthew Mitchell,glennmartin@example.org,498360,2.6,53,2026-06-09,Credit Card
ENROLL_00201,Steve Paul,lmorgan@example.com,870368,3.0,82,2026-03-18,Credit Card
ENROLL_00202,Tim Stone PhD,mmiller@example.org,317278,1.4,72,2025-11-24,Bank Transfer
ENROLL_00203,Brian Murphy,kirk96@example.org,376712,2.9,25,2026-03-16,PayPal
ENROLL_00204,Jeremy Acosta,christina64@example.net,435138,2.3,13,2026-06-03,PayPal
ENROLL_00205,Angela Walsh,william20@example.org,371896,4.2,95,2026-07-18,Credit Card
ENROLL_00206,Rachael Johnson,youngdeanna@example.com,504168,3.8,31,2025-07-21,PayPal
ENROLL_00207,Amanda Hernandez,xrush@example.com,1261122,1.1,92,2026-05-12,Bank Transfer
ENROLL_00208,Chad Richardson,debra31@example.org,944534,2.2,58,2026-04-21,Bank Transfer
ENROLL_00209,Joseph Mcintyre,greenjorge@example.com,856950,3.1,30,2025-03-12,Bank Transfer
ENROLL_00210,Donna Hendricks DDS,taylorcharles@example.org,500628,3.9,51,2026-08-26,Bank Transfer
ENROLL_00211,Yolanda Cochran,elizabeth18@example.net,628606,2.6,68,2025-05-10,PayPal
ENROLL_00212,Sarah Joseph,laurahicks@example.org,615920,1.1,69,2025-03-02,Credit Card
ENROLL_00213,Cynthia Snyder,angela57@example.net,266682,1.4,87,2025-01-05,PayPal
ENROLL_00214,Angelica Parker,xfox@example.com,617976,1.7,23,2026-06-28,Bank Transfer
ENROLL_00215,Beth Stewart,coleerin@example.com,144222,2.8,87,2025-01-04,Bank Transfer
ENROLL_00216,Penny Bowman,katrinaanderson@example.net,1225194,1.5,34,2026-09-04,PayPal
ENROLL_00217,Sandra Holmes,fred53@example.com,888668,3.8,13,2026-09-27,Credit Card
ENROLL_00218,Diane Miller,cynthiapierce@example.org,721202,4.2,27,2026-01-25,Bank Transfer
ENROLL_00219,Joseph Shaw,brittanycarpenter@example.org,303042,4.1,73,2026-02-20,Credit Card
ENROLL_00220,Stephanie Morgan,bryananthony@example.org,673196,3.6,95,2026-02-07,PayPal
ENROLL_00221,Deborah Clark,bmontgomery@example.com,318638,1.9,17,2026-08-18,Bank Transfer
ENROLL_00222,Donna Frye,zsanchez@example.net,249934,3.1,39,2025-08-08,Bank Transfer
ENROLL_00223,Benjamin Brown,dperry@example.org,469526,3.7,81,2025-06-18,Credit Card
ENROLL_00224,Emily Higgins,theresa25@example.net,552606,1.1,20,2025-12-07,Credit Card
ENROLL_00225,David Martinez,gwright@example.org,923902,2.1,12,2025-05-10,PayPal
ENROLL_00226,Sharon Barnes,lisapeck@example.net,555340,1.9,41,2025-05-27,Credit Card
ENROLL_00227,Christopher Ferrell,tjimenez@example.com,26845,1.2,61,2024-10-15,PayPal
ENROLL_00228,James Bryant,jasongomez@example.org,515188,1.6,53,2025-05-03,Bank Transfer
ENROLL_00229,Stephen Pena MD,booneryan@example.com,775252,4.2,82,2026-04-15,Bank Transfer
ENROLL_00230,Jamie Williams,hudsonjames@example.net,1199774,3.7,94,2025-05-09,Credit Card
ENROLL_00231,Jonathan Duran,marcia99@example.org,796486,3.2,29,2025-01-04,Bank Transfer
ENROLL_00232,Jennifer Norton,angela52@example.org,1018380,1.1,11,2026-01-07,PayPal
ENROLL_00233,Kathryn Williams,jenniferbrock@example.net,1018380,1.5,28,2025-09-16,Credit Card
ENROLL_00234,Steven Taylor,francisco94@example.net,1171994,2.3,43,2025-06-15,Credit Card
ENROLL_00235,Katrina Burns,thomas05@example.com,1142570,3.4,52,2026-03-04,Credit Card
ENROLL_00236,Jason Parker,carlsonjoseph@example.net,494058,4.0,45,2026-05-28,Credit Card
ENROLL_00237,Laura Perez,silvageorge@example.net,247940,3.1,38,2026-04-10,Bank Transfer
ENROLL_00238,Sarah Hernandez,anthonyvaughan@example.org,869448,4.1,45,2025-02-22,PayPal
ENROLL_00239,Erik Hernandez,roberthampton@example.com,1148342,1.8,58,2026-08-05,PayPal
ENROLL_00240,Monica Thornton,annbolton@example.com,339560,4.2,12,2025-11-09,PayPal
ENROLL_00241,Tyler Stevens,amy49@example.com,824412,1.5,64,2025-02-23,Bank Transfer
ENROLL_00242,Diana Evans,kellie37@example.com,385462,2.1,55,2025-10-04,Bank Transfer
ENROLL_00243,Timothy Pope,keith98@example.com,651352,4.3,96,2026-08-23,Bank Transfer
ENROLL_00244,Sabrina Blevins,kellyroberts@example.net,375830,2.1,31,2024-11-27,Bank Transfer
ENROLL_00245,Jeremy Scott,ilewis@example.com,906760,3.4,89,2026-09-21,Bank Transfer
ENROLL_00246,Denise Rodriguez,johnsantiago@example.net,201472,3.4,62,2025-03-21,Bank Transfer
ENROLL_00247,Amy Gutierrez,xgarcia@example.org,1171720,3.9,24,2024-10-01,Credit Card
ENROLL_00248,Vanessa Moore,mwoods@example.com,737514,2.4,15,2025-06-03,Credit Card
ENROLL_00249,Anthony Mack,amandasharp@example.org,1136038,1.5,33,2026-09-06,Credit Card
ENROLL_00250,Jennifer Monroe,osbornrandy@example.com,50522,4.3,79,2025-02-18,Bank Transfer
ENROLL_00251,Tonya Howe,smithashley@example.org,761808,1.8,17,2026-09-18,Bank Transfer
ENROLL_00252,Mrs. Virginia Daniels,ismall@example.net,764534,2.3,96,2025-09-25,PayPal
ENROLL_00253,Robert Rivera,twong@example.org,1147664,2.7,55,2024-10-07,Credit Card
ENROLL_00254,Rachel Bradley,gregorychase@example.com,1233894,2.1,35,2026-07-01,PayPal
ENROLL_00255,Garrett Morales,lopezdonald@example.com,267286,4.5,38,2026-09-23,PayPal
ENROLL_00256,Dean Young,stephanie49@example.net,891484,4.4,93,2025-12-15,PayPal
ENROLL_00257,Matthew Schwartz,contrerassteven@example.org,470482,3.9,55,2025-08-07,Credit Card
ENROLL_00258,Tammy Barron,hannah45@example.net,1165588,4.5,55,2025-03-17,Bank Transfer
ENROLL_00259,Casey Hernandez,robert87@example.net,477250,2.0,51,2026-06-11,Bank Transfer
ENROLL_00260,Colleen Wright,foxallison@example.com,525034,2.0,76,2024-11-26,Credit Card
ENROLL_00261,Ashley Poole,ashleyhernandez@example.com,749686,3.6,32,2026-07-22,Credit Card
ENROLL_00262,Audrey Harris,gdavis@example.com,978728,3.0,58,2026-06-17,PayPal
ENROLL_00263,Carlos Perry,hansenemily@example.com,920194,3.8,80,2026-04-11,Bank Transfer
ENROLL_00264,David Smith,bethwilliams@example.com,993510,1.3,69,2026-03-25,Credit Card
ENROLL_00265,Zachary Michael,andersenthomas@example.com,749686,2.8,11,2025-08-10,PayPal
ENROLL_00266,Chad May,ybrooks@example.com,705444,4.2,28,2026-08-03,Credit Card
ENROLL_00267,Jamie Miller,desireebailey@example.org,625204,1.8,74,2025-11-18,PayPal
ENROLL_00268,Cameron Irwin,avilatiffany@example.com,280194,4.4,16,2026-03-04,Credit Card
ENROLL_00269,Jessica Gray,johnreed@example.com,846156,4.5,56,2025-02-20,PayPal
ENROLL_00270,Molly Rodriguez,bmendez@example.org,720072,3.9,16,2025-03-06,Credit Card
ENROLL_00271,Kirk Griffin,sanchezbradley@example.com,933816,3.0,47,2025-03-28,Bank Transfer
ENROLL_00272,Nicole Parsons,williamroberts@example.net,965306,2.2,75,2025-12-18,PayPal
ENROLL_00273,Kyle Chambers,joel28@example.org,826168,2.2,100,2025-08-14,Credit Card
ENROLL_00274,Antonio Fry,conniesimmons@example.com,716828,4.3,10,2024-11-02,PayPal
ENROLL_00275,Teresa Powers,heather62@example.com,789670,1.7,44,2025-07-16,Bank Transfer
ENROLL_00276,Joshua Allen,kevinzimmerman@example.com,1013314,4.4,56,2026-09-07,Bank Transfer
ENROLL_00277,Jason Butler,paulscott@example.com,711210,2.1,43,2026-02-11,Bank Transfer
ENROLL_00278,Jerry Watson,brettbennett@example.net,584786,4.2,59,2026-01-08,Credit Card
ENROLL_00279,Benjamin Ballard,timothybooth@example.com,1040596,3.2,63,2025-05-20,Credit Card
ENROLL_00280,Alexis Giles,burgesskaren@example.org,1227322,3.5,93,2026-03-21,Credit Card
ENROLL_00281,Christine Herman,kimberly67@example.net,482924,4.5,87,2026-02-12,PayPal
ENROLL_00282,Dennis Hunt,zowens@example.net,791574,1.5,34,2025-09-26,Credit Card
ENROLL_00283,Erica Harris,robert93@example.net,730542,4.0,83,2025-01-18,Credit Card
ENROLL_00284,Juan Silva,mphillips@example.com,716828,4.8,91,2025-03-24,PayPal
ENROLL_00285,Roy Porter,jonathan77@example.com,971962,4.4,87,2025-02-04,Bank Transfer
ENROLL_00286,Heather Taylor,iwhite@example.net,1019552,3.8,100,2024-11-11,Bank Transfer
ENROLL_00287,Sara Jones,duranrobert@example.net,746014,1.3,75,2025-03-25,Bank Transfer
ENROLL_00288,Chris Robinson,nbrooks@example.net,17887,4.6,67,2026-02-26,Bank Transfer
ENROLL_00289,Susan Hopkins,smithandrea@example.org,701634,4.9,98,2024-10-09,Bank Transfer
ENROLL_00290,Denise Madden,shawheidi@example.com,1198704,1.4,64,2026-06-15,Bank Transfer
ENROLL_00291,Cassie Hull,johnharvey@example.com,627540,1.7,53,2026-06-22,Bank Transfer
ENROLL_00292,Robert Miller,pstevens@example.net,663710,2.5,61,2025-03-21,Bank Transfer
ENROLL_00293,Ronald Miller,davisnicholas@example.net,1239068,4.4,50,2025-10-01,Credit Card
ENROLL_00294,Adam Jackson,pbruce@example.com,12975,2.6,35,2025-12-10,Bank Transfer
ENROLL_00295,Valerie Jacobson,hallrachel@example.net,756520,3.5,17,2026-08-17,Bank Transfer
ENROLL_00296,Denise Glass,rachel90@example.org,640496,4.8,84,2026-09-18,Bank Transfer
ENROLL_00297,Alexis Clark,karenmarquez@example.com,1174446,4.9,13,2026-09-18,PayPal
ENROLL_00298,Christopher Allen,irhodes@example.com,1185535,2.3,55,2025-07-22,PayPal
ENROLL_00299,Brenda Hinton,masonterri@example.org,663810,4.8,89,2024-12-11,Bank Transfer
ENROLL_00300,Ryan Peterson,unovak@example.org,529718,3.9,81,2026-02-01,Credit Card
ENROLL_00301,Willie Henry,angela66@example.org,431562,4.7,66,2026-03-08,Credit Card
ENROLL_00302,Jamie Barton,lauren11@example.com,785210,3.7,50,2025-01-24,Credit Card
ENROLL_00303,Richard Moore,gstewart@example.org,435138,2.7,15,2024-10-01,Bank Transfer
ENROLL_00304,Jill Juarez,andersonjacob@example.com,618370,2.0,45,2025-12-03,Credit Card
ENROLL_00305,Jennifer Johnson,angela99@example.com,516168,5.0,70,2026-07-29,Bank Transfer
ENROLL_00306,Edgar Hughes,hardyanita@example.org,1070976,3.3,82,2025-12-15,Bank Transfer
ENROLL_00307,Melissa Jackson,kevin72@example.org,1223310,1.6,99,2025-02-03,PayPal
ENROLL_00308,Jason Washington,wardsheryl@example.net,425084,4.8,97,2026-01-25,Credit Card
ENROLL_00309,Luis Ellis Jr.,rushmartin@example.net,1120554,1.6,83,2025-07-19,Bank Transfer
ENROLL_00310,Erin Cook,kevinmorrison@example.net,380582,4.5,10,2025-03-02,Credit Card
ENROLL_00311,Christopher Sanders,kelly79@example.org,917432,4.8,99,2025-06-07,Bank Transfer
ENROLL_00312,Robert Long,frederickjames@example.net,692920,4.4,51,2025-02-13,Credit Card
ENROLL_00313,Krista Benton,nhahn@example.com,615920,3.6,79,2026-06-08,PayPal
ENROLL_00314,Michael Fuentes,ichambers@example.net,1232312,4.4,81,2025-05-20,Credit Card
ENROLL_00315,Matthew Espinoza,mjones@example.com,637842,4.6,42,2025-12-23,PayPal
ENROLL_00316,Jonathon Knapp,ystephens@example.com,1089652,4.2,90,2026-03-25,PayPal
ENROLL_00317,Kimberly Little,rodriguezjohn@example.net,552606,2.4,12,2025-06-29,PayPal
ENROLL_00318,Lonnie Hart,vrasmussen@example.com,787340,3.9,77,2024-12-18,Bank Transfer
ENROLL_00319,David Dixon,seanmyers@example.net,309820,1.1,89,2025-12-28,Credit Card
ENROLL_00320,Brittany Cuevas,agarcia@example.org,986034,3.7,63,2024-12-26,Credit Card
ENROLL_00321,Monica Bailey,stanley38@example.com,130366,2.2,96,2025-06-24,Credit Card
ENROLL_00322,Jeffrey Horton,carlos01@example.org,1172166,2.7,19,2026-07-18,Credit Card
ENROLL_00323,Brian Marsh,zacharyarnold@example.com,410974,2.0,46,2025-12-05,PayPal
ENROLL_00324,Joel Salinas,jacobsandoval@example.com,286424,1.6,31,2024-10-19,PayPal
ENROLL_00325,Sonya Cole,tprice@example.org,1207112,3.0,62,2025-03-05,Bank Transfer
ENROLL_00326,Michael Flynn,lloydamanda@example.com,188064,2.1,61,2025-06-07,PayPal
ENROLL_00327,Brian Lambert,orose@example.com,981600,1.8,29,2026-01-03,Bank Transfer
ENROLL_00328,James Wilson,megan92@example.net,1233350,4.4,69,2026-03-29,PayPal
ENROLL_00329,Tamara Lawrence,lawrenceallen@example.org,1133764,2.1,75,2025-02-16,Credit Card
ENROLL_00330,Charles Price,baileyhenderson@example.com,174800,1.0,32,2026-02-02,PayPal
ENROLL_00331,Tamara Arias,angelaburns@example.org,683394,4.5,97,2025-02-19,PayPal
ENROLL_00332,Jerry Brown,stephanie72@example.org,180372,1.5,99,2026-06-22,Bank Transfer
ENROLL_00333,Justin Delgado,acohen@example.net,749468,3.8,85,2026-07-11,Credit Card
ENROLL_00334,Christopher Cunningham,kellyhill@example.net,316704,2.6,70,2025-05-09,Credit Card
ENROLL_00335,Jim Newton,hdunn@example.net,780150,3.5,34,2024-12-24,PayPal
ENROLL_00336,Joshua Ritter,wolfscott@example.org,19164,4.8,93,2025-08-23,Credit Card
ENROLL_00337,Ronald Potter,nancy07@example.com,1101806,1.4,86,2025-06-24,Credit Card
ENROLL_00338,Angie Grimes,rowejoel@example.net,421054,3.1,39,2025-12-27,PayPal
ENROLL_00339,Shannon Bishop,imartin@example.org,212952,3.1,49,2026-06-20,Bank Transfer
ENROLL_00340,Anthony Bell,candice25@example.net,1244302,2.1,18,2025-05-12,Bank Transfer
ENROLL_00341,Derek Hodge,taylorkaren@example.com,466774,2.5,67,2026-09-10,Bank Transfer
ENROLL_00342,Donald Rios,johndawson@example.org,288256,4.5,25,2026-05-11,Bank Transfer
ENROLL_00343,Jenna Thomas,courtney67@example.org,1141708,2.6,62,2026-02-01,Credit Card
ENROLL_00344,Patricia Powell,heather57@example.com,900794,3.5,73,2025-06-08,PayPal
ENROLL_00345,Sheila Boone,simonstephen@example.net,1109150,4.8,75,2026-03-22,Bank Transfer
ENROLL_00346,Arthur Ferguson,tammysummers@example.com,566920,3.8,45,2025-04-23,Credit Card
ENROLL_00347,Drew Kelley,ashleewashington@example.com,807874,4.1,52,2026-08-22,PayPal
ENROLL_00348,Amber Garcia,ksmith@example.com,420926,3.2,87,2025-09-16,PayPal
ENROLL_00349,Tyler Harris,nicoleturner@example.com,56259,2.3,88,2024-12-08,PayPal
ENROLL_00350,Danielle Watson,brettgarrett@example.net,313484,2.2,42,2026-03-24,PayPal
ENROLL_00351,Jessica Davis,smiththomas@example.org,739972,3.2,57,2026-01-01,PayPal
ENROLL_00352,Michael Smith,lisa62@example.com,563880,2.5,97,2024-11-21,Bank Transfer
ENROLL_00353,Brandon Shaffer,edwardsnicole@example.org,417914,3.4,52,2025-07-21,Bank Transfer
ENROLL_00354,Nicole Anderson,caseyelliott@example.net,531710,3.8,12,2026-02-13,PayPal
ENROLL_00355,Gregory Lewis,samanthajensen@example.com,1076920,1.8,63,2026-07-26,Bank Transfer
ENROLL_00356,Steven Taylor,lawrencepatrick@example.com,1124244,2.6,97,2025-05-29,Credit Card
ENROLL_00357,Danielle Newman,angelagreene@example.net,611688,3.0,35,2025-05-06,Credit Card
ENROLL_00358,Melissa Abbott,jamie98@example.org,1252630,2.2,98,2026-04-30,Credit Card
ENROLL_00359,Matthew Bowers,troyrodriguez@example.com,172906,3.9,65,2026-02-04,PayPal
ENROLL_00360,Kelsey Levine,sarah26@example.net,1064104,3.8,71,2025-08-19,Credit Card
ENROLL_00361,Michael Farmer,smithcarlos@example.com,1253868,3.1,24,2025-03-13,Bank Transfer
ENROLL_00362,Antonio Mccormick,courtney86@example.com,618334,1.8,15,2026-03-26,Credit Card
ENROLL_00363,Martin Medina,joshuacollins@example.net,179820,3.8,18,2026-09-12,Credit Card
ENROLL_00364,Robert Herrera,wwillis@example.net,614668,1.9,75,2026-03-09,Bank Transfer
ENROLL_00365,Emily Kim,brianmiller@example.com,1240522,2.0,71,2024-12-26,Credit Card
ENROLL_00366,Lee Parker,davidzimmerman@example.net,1217064,3.0,90,2024-10-05,Bank Transfer
ENROLL_00367,Troy Mills,gary24@example.net,421546,2.0,82,2026-08-16,Credit Card
ENROLL_00368,Steven Rogers,enelson@example.com,760698,2.7,98,2026-04-03,Credit Card
ENROLL_00369,Lori Crawford,brian92@example.com,714188,4.5,63,2025-01-27,Credit Card
ENROLL_00370,Brian Berry,perezwilliam@example.org,737642,2.9,100,2026-07-25,PayPal
ENROLL_00371,Dana Ruiz,lmora@example.org,1011550,1.9,69,2025-11-30,PayPal
ENROLL_00372,Michelle Rios,marcbutler@example.net,24334,4.4,73,2025-06-02,PayPal
ENROLL_00373,Blake Watson,whitelinda@example.org,982860,5.0,27,2025-08-04,Bank Transfer
ENROLL_00374,John Campbell,mark87@example.org,100916,4.5,83,2025-07-10,Credit Card
ENROLL_00375,Justin Torres,stevenvargas@example.com,751100,2.7,48,2026-05-20,Credit Card
ENROLL_00376,Morgan Payne,edwardrandolph@example.org,995384,4.7,16,2025-03-26,Bank Transfer
ENROLL_00377,Makayla Steele,tapiaaaron@example.net,64078,4.4,17,2025-07-16,Bank Transfer
ENROLL_00378,Monica Garcia,robertwoodward@example.org,582392,2.5,51,2026-04-02,Bank Transfer
ENROLL_00379,Andrew Hall,xhaynes@example.com,235990,1.5,20,2026-04-30,PayPal
ENROLL_00380,Brendan Anderson,kjones@example.org,834836,1.0,52,2025-08-30,Bank Transfer
ENROLL_00381,Bianca Carter,sara65@example.com,25794,4.8,69,2025-09-13,Credit Card
ENROLL_00382,Benjamin Harris,moorefrank@example.com,773650,2.1,56,2025-05-28,Bank Transfer
ENROLL_00383,Joshua Oconnell,shannonford@example.org,868128,2.1,44,2024-12-06,Credit Card
ENROLL_00384,Michael Mckenzie,lewismelissa@example.org,258886,4.1,51,2024-12-06,Bank Transfer
ENROLL_00385,Tracy Foster,byrdjorge@example.org,1196816,1.1,89,2024-10-21,Bank Transfer
ENROLL_00386,Sarah Hawkins,codygarcia@example.org,914164,3.1,34,2024-12-30,Credit Card
ENROLL_00387,Ronald Haas,jamesmorales@example.net,530430,1.5,22,2026-01-29,Bank Transfer
ENROLL_00388,Angela Willis,johnsoncaleb@example.net,294794,2.8,98,2025-09-06,Credit Card
ENROLL_00389,Anna Boone,david70@example.org,302450,3.8,86,2026-09-14,Bank Transfer
ENROLL_00390,Samantha Foster,reyesronald@example.com,991094,3.4,23,2025-03-12,Credit Card
ENROLL_00391,Denise Griffin,austinharvey@example.org,1039442,2.3,55,2026-02-11,Credit Card
ENROLL_00392,Jason Pierce,millerpatrick@example.com,50522,1.7,67,2025-02-28,Credit Card
ENROLL_00393,Rebecca Wright,mayokimberly@example.com,1121580,3.5,42,2025-10-04,Credit Card
ENROLL_00394,Kari Durham,paul20@example.com,295909,4.6,72,2026-01-03,PayPal
ENROLL_00395,Steven Osborne,stokesthomas@example.com,1115504,1.1,70,2026-05-15,Credit Card
ENROLL_00396,Crystal Moore,dianeadams@example.net,799434,2.8,67,2024-11-09,Credit Card
ENROLL_00397,Theresa Johnston,lkelly@example.org,902300,4.8,26,2025-03-29,PayPal
ENROLL_00398,Renee Wolfe,warnermichael@example.net,669536,1.4,59,2025-12-08,PayPal
ENROLL_00399,Travis Copeland,lweaver@example.com,737642,4.1,13,2024-10-26,PayPal
ENROLL_00400,David Robinson,nsmith@example.org,644020,1.5,83,2026-06-15,PayPal
ENROLL_00401,Mitchell Sellers,brian29@example.net,1128662,1.4,82,2026-09-09,Credit Card
ENROLL_00402,Brian Fox,susan56@example.net,682986,3.1,34,2024-12-14,Bank Transfer
ENROLL_00403,Frank Daugherty,fconner@example.net,207440,3.8,32,2025-05-31,PayPal
ENROLL_00404,Wayne Steele,jeffrey92@example.com,777276,4.9,66,2025-05-23,Bank Transfer
ENROLL_00405,Elizabeth Thompson,rushstacy@example.com,1023196,3.7,68,2026-07-19,PayPal
ENROLL_00406,Traci Johnson DDS,daniellegarcia@example.com,967058,4.9,13,2025-01-14,Credit Card
ENROLL_00407,Blake Reed,gary15@example.com,919906,3.6,17,2024-10-05,Credit Card
ENROLL_00408,David Jones,kristin00@example.com,869716,4.1,81,2025-09-02,PayPal
ENROLL_00409,Tracy Wilkerson,wmacias@example.net,835712,2.6,41,2025-07-15,PayPal
ENROLL_00410,John Shields,franciscojones@example.org,139778,3.0,16,2025-05-14,Bank Transfer
ENROLL_00411,Dean Garcia,george62@example.net,628356,4.2,41,2024-11-24,PayPal
ENROLL_00412,Stephanie Davis,bbush@example.net,761770,4.8,60,2025-02-02,Bank Transfer
ENROLL_00413,Jessica Brown,jamie36@example.net,772950,1.2,34,2025-12-01,PayPal
ENROLL_00414,Monica Baker,kenneth10@example.com,680044,3.7,70,2025-12-15,Credit Card
ENROLL_00415,Katherine Brown,pattersonkelly@example.net,489146,2.3,36,2026-01-25,Credit Card
ENROLL_00416,Christina Johnson,daniellerowland@example.com,923902,2.0,42,2026-07-14,PayPal
ENROLL_00417,Richard Ruiz,christopher86@example.org,1113822,1.6,16,2025-07-12,Bank Transfer
ENROLL_00418,Jaclyn Griffin,scott43@example.com,661628,2.7,40,2025-12-09,Credit Card
ENROLL_00419,Paul Contreras,barnettlindsey@example.com,412108,4.1,14,2026-05-07,Credit Card
ENROLL_00420,Kristen Randall,rsheppard@example.com,1145430,4.1,81,2025-12-15,PayPal
ENROLL_00421,Karen Miller,shawrachel@example.net,899492,2.8,42,2026-03-07,Bank Transfer
ENROLL_00422,Mrs. Tiffany Cole,teresastokes@example.org,439362,3.4,94,2024-10-30,Credit Card
ENROLL_00423,William Graham,maryscott@example.net,56058,1.7,76,2026-09-07,Bank Transfer
ENROLL_00424,Angie Hawkins,melissa87@example.org,654832,2.6,38,2026-05-30,Credit Card
ENROLL_00425,Laurie Harrington,perryeddie@example.net,206986,3.4,33,2025-12-23,Bank Transfer
ENROLL_00426,Teresa Buckley,floydmikayla@example.com,282044,3.8,90,2026-08-09,Credit Card
ENROLL_00427,James Washington,rjohnson@example.com,275294,3.9,79,2025-01-16,PayPal
ENROLL_00428,Melanie Morales,vpreston@example.net,738726,3.3,11,2025-03-30,Credit Card
ENROLL_00429,John Adams,andrew44@example.com,907408,2.0,20,2026-07-13,PayPal
ENROLL_00430,Michael Garcia PhD,kevinmanning@example.com,1115348,2.1,93,2025-04-24,PayPal
ENROLL_00431,Lisa Davis,alewis@example.net,435626,2.6,67,2025-10-08,Bank Transfer
ENROLL_00432,Sharon Nicholson,cameronmckinney@example.com,930416,4.4,78,2025-01-10,Credit Card
ENROLL_00433,Kelly Carroll,jameswhitaker@example.org,229360,4.0,81,2025-04-08,PayPal
ENROLL_00434,Anthony Ward,joshuacolon@example.net,422918,1.2,95,2025-08-01,Credit Card
ENROLL_00435,Becky Johnson,tracy72@example.com,665866,3.2,31,2025-12-26,Bank Transfer
ENROLL_00436,Hailey Monroe,kaitlyn14@example.org,412856,2.2,69,2025-07-24,Bank Transfer
ENROLL_00437,Scott Chan,mercedesholland@example.net,298522,4.0,30,2025-03-06,Bank Transfer
ENROLL_00438,Jason Smith,wellsdavid@example.org,477250,3.3,58,2026-01-06,Bank Transfer
ENROLL_00439,Courtney Franklin,jennifer46@example.com,1104496,1.6,43,2026-07-20,Credit Card
ENROLL_00440,David Owens,asilva@example.net,863954,2.2,60,2026-02-23,Bank Transfer
ENROLL_00441,Sara Hoffman,kenneth17@example.org,58977,3.5,84,2025-06-15,Credit Card
ENROLL_00442,Margaret Hensley MD,jacob83@example.org,1115222,4.6,78,2026-06-14,Credit Card
ENROLL_00443,Rhonda Powell,erin07@example.com,269082,3.3,74,2025-04-16,Bank Transfer
ENROLL_00444,Jennifer Doyle,matthewreeves@example.net,971962,2.3,80,2025-11-16,PayPal
ENROLL_00445,Karen Shepard,william28@example.org,559046,3.7,38,2025-05-13,PayPal
ENROLL_00446,Carl Green,staceylam@example.net,891484,1.4,21,2024-12-05,PayPal
ENROLL_00447,Daniel Savage,vfrench@example.com,396890,2.9,53,2025-04-17,Credit Card
ENROLL_00448,Julie Wilson,delacruzbrandy@example.net,1181578,3.6,77,2024-11-21,Credit Card
ENROLL_00449,Cory Wilson,amoreno@example.org,647884,3.7,36,2026-08-04,Bank Transfer
ENROLL_00450,Brenda Gonzalez,dbenitez@example.org,584522,1.4,27,2025-05-30,Credit Card
ENROLL_00451,Catherine Miller,crystal25@example.net,1232728,1.1,61,2024-11-11,PayPal
ENROLL_00452,Donald Juarez,barbaramoore@example.org,512400,1.1,67,2025-01-05,Credit Card
ENROLL_00453,Madeline Powell,creyes@example.net,247558,1.2,36,2025-02-28,Credit Card
ENROLL_00454,Tiffany Mcclain,andrewsmith@example.net,793234,5.0,84,2025-04-08,PayPal
ENROLL_00455,Shawn Collins,reyesbrianna@example.org,1103448,4.4,40,2024-11-16,PayPal
ENROLL_00456,Elizabeth Carter,ryan25@example.com,529028,2.7,31,2025-07-03,Credit Card
ENROLL_00457,Carmen Meadows,osmith@example.net,564366,2.9,74,2025-01-06,Bank Transfer
ENROLL_00458,Alex Wagner,richardsondebra@example.org,74004,3.4,51,2025-07-15,Bank Transfer
ENROLL_00459,Dawn Nichols,wheelerbrandon@example.org,868686,4.4,89,2026-02-16,PayPal
ENROLL_00460,Amber Wilson,jjames@example.com,195576,1.2,52,2025-09-30,Credit Card
ENROLL_00461,Christine Jennings,turnerdorothy@example.net,813360,1.9,62,2025-11-05,PayPal
ENROLL_00462,Larry Taylor,huntchristine@example.com,1003568,1.8,30,2024-12-24,Credit Card
ENROLL_00463,Kathleen Lynch,marie35@example.net,516790,4.8,70,2025-08-11,Credit Card
ENROLL_00464,Andrew Crawford,haleycastillo@example.org,537008,2.5,90,2024-09-29,PayPal
ENROLL_00465,Brandon Rodriguez,fhernandez@example.net,535650,4.2,50,2024-11-24,Bank Transfer
ENROLL_00466,Ashley Scott,stephenmadden@example.com,557436,4.8,64,2025-09-22,Bank Transfer
ENROLL_00467,Robert Sawyer,michael56@example.net,885479,2.7,42,2024-12-26,Credit Card
ENROLL_00468,Peter Williams,elizabethjackson@example.com,405840,3.4,96,2026-08-22,Credit Card
ENROLL_00469,Marco Johns,watsonmatthew@example.org,773824,2.1,49,2025-08-04,PayPal
ENROLL_00470,Jesus Houston,pmarsh@example.org,957422,2.6,51,2024-12-23,PayPal
ENROLL_00471,Nicholas Jarvis,dalepruitt@example.com,18448,4.0,78,2026-06-12,Credit Card
ENROLL_00472,Jessica Carr,cheryl27@example.com,669536,4.4,35,2024-12-23,Credit Card
ENROLL_00473,Jessica Brown,alexander89@example.net,1040596,2.8,51,2025-12-09,Credit Card
ENROLL_00474,Tyler Marks,reynoldsjessica@example.com,138228,1.5,32,2025-06-22,PayPal
ENROLL_00475,Margaret Hernandez,smithsarah@example.net,327310,1.3,13,2026-07-18,Credit Card
ENROLL_00476,Jon Martin,vflores@example.com,881778,1.6,34,2024-11-05,PayPal
ENROLL_00477,Krista Gray,christianwallace@example.net,560472,4.6,95,2025-09-10,Credit Card
ENROLL_00478,Jonathan Stewart,bmcgee@example.org,1071060,2.9,82,2025-08-06,Credit Card
ENROLL_00479,Justin Smith,connersylvia@example.net,59535,1.2,47,2025-05-21,Credit Card
ENROLL_00480,Kristina Pena,xclements@example.org,1170626,2.3,91,2026-06-23,Bank Transfer
ENROLL_00481,Jesse Castro,xmoran@example.net,406424,3.0,86,2025-09-13,Credit Card
ENROLL_00482,Peter Walker,michael48@example.net,792216,2.7,19,2025-07-14,Bank Transfer
ENROLL_00483,Amber Martin,lydianewton@example.com,579338,4.1,71,2024-12-19,PayPal
ENROLL_00484,Craig Martinez,ylewis@example.org,446736,1.1,31,2026-04-06,PayPal
ENROLL_00485,Peter Williams,bartonshannon@example.net,1143032,3.7,83,2025-12-28,PayPal
ENROLL_00486,Brandy Porter,tranryan@example.net,619296,1.6,27,2025-10-07,PayPal
ENROLL_00487,Priscilla Kent,jessicaanderson@example.com,749560,3.2,100,2026-02-19,PayPal
ENROLL_00488,Sonya Gordon,mbarnes@example.net,742142,3.5,44,2026-05-12,PayPal
ENROLL_00489,James Cooper,shawn22@example.com,895030,1.1,70,2026-01-07,Bank Transfer
ENROLL_00490,Nicole Evans,jennifer83@example.org,561188,1.2,49,2025-03-08,Credit Card
ENROLL_00491,Donna Reed,tinasantos@example.org,352150,3.3,49,2025-10-23,Bank Transfer
ENROLL_00492,Mallory Page,anna99@example.net,806122,4.1,99,2026-04-01,Credit Card
ENROLL_00493,Paul Skinner,natalie60@example.net,808506,2.3,72,2024-12-18,Bank Transfer
ENROLL_00494,Charles Santiago,josephfloyd@example.com,1076920,3.7,81,2026-03-11,Bank Transfer
ENROLL_00495,Ryan Vaughn,james80@example.com,510784,4.4,87,2026-06-21,PayPal
ENROLL_00496,Luis Lowe,juliahoffman@example.org,207408,1.4,34,2025-10-28,Credit Card
ENROLL_00497,Rebecca Roberts,housepaul@example.net,1101382,4.4,95,2025-05-27,Credit Card
ENROLL_00498,Amy Manning,christinenorman@example.com,963378,4.5,77,2026-07-03,Bank Transfer
ENROLL_00499,Mark Mckinney,kari89@example.org,517466,2.2,22,2026-05-22,PayPal
ENROLL_00500,Cheryl Cole,lopezglenn@example.net,475912,2.1,86,2024-12-28,Bank Transfer
ENROLL_00501,Jeffrey Hawkins,eugenesingleton@example.org,214328,3.0,62,2025-06-10,Credit Card
ENROLL_00502,Timothy Williams,candice94@example.com,239416,3.0,61,2026-06-02,Bank Transfer
ENROLL_00503,Heather Bowers,alicia28@example.org,851712,4.6,38,2026-05-30,Credit Card
ENROLL_00504,Jennifer Herrera,baileynicole@example.net,212374,4.2,62,2025-06-11,Bank Transfer
ENROLL_00505,Edward Clements,wbarajas@example.net,267984,1.4,77,2024-10-03,Credit Card
ENROLL_00506,Gregory Allen,susanfleming@example.com,1263966,5.0,35,2025-07-20,Bank Transfer
ENROLL_00507,Theresa Cruz,angel85@example.net,1097486,2.8,90,2026-06-12,Bank Transfer
ENROLL_00508,Katelyn Phillips,lukemiller@example.org,103662,4.4,63,2025-02-04,Bank Transfer
ENROLL_00509,Patricia Ferguson,clarkcrystal@example.org,399938,2.3,12,2026-07-30,PayPal
ENROLL_00510,Sara Harris,elucas@example.net,617976,2.3,75,2026-03-13,Bank Transfer
ENROLL_00511,Joe Rivera,jonesgregory@example.com,1000010,4.8,64,2025-12-04,Credit Card
ENROLL_00512,Roberto Bartlett,ohughes@example.com,387348,3.4,50,2025-08-29,Credit Card
ENROLL_00513,James Wilson,maychristine@example.net,860890,1.8,15,2025-12-25,Credit Card
ENROLL_00514,Ryan Howard,robertsgina@example.net,584410,2.1,94,2024-12-03,Credit Card
ENROLL_00515,Timothy James,wellsamanda@example.org,100526,1.5,31,2026-04-30,Credit Card
ENROLL_00516,Robert Gardner,kennetheaton@example.net,632136,2.3,21,2026-02-12,Credit Card
ENROLL_00517,Travis Spencer,davidsmith@example.net,311538,2.2,78,2025-07-30,Credit Card
ENROLL_00518,Theresa Torres,jason82@example.org,1236562,1.2,59,2025-02-16,PayPal
ENROLL_00519,Ruben Lee,emilybradley@example.org,1248974,1.1,41,2026-07-20,Credit Card
ENROLL_00520,Wanda Dunn,robertscarlos@example.org,46524,1.9,68,2025-02-27,PayPal
ENROLL_00521,Katelyn Rivera,emilyyoung@example.com,1155262,2.1,49,2026-01-21,Credit Card
ENROLL_00522,Corey Tucker,christina49@example.org,435138,3.7,27,2025-12-10,PayPal
ENROLL_00523,Rhonda Benjamin,adamsanchez@example.org,917176,3.7,49,2026-04-03,Bank Transfer
ENROLL_00524,Jessica Larsen,erinrivera@example.com,196620,1.8,85,2025-09-21,PayPal
ENROLL_00525,Raymond Tucker,thompsoncatherine@example.com,119276,2.6,51,2026-07-25,Credit Card
ENROLL_00526,Stephanie Gonzalez,lunapatricia@example.net,660846,3.9,48,2026-01-30,PayPal
ENROLL_00527,Kevin Sullivan,rebeccaarnold@example.net,113706,2.8,94,2026-08-22,PayPal
ENROLL_00528,Mrs. Patricia Diaz MD,dennis88@example.org,822514,1.9,10,2025-08-01,Bank Transfer
ENROLL_00529,Adam Allen,katherinetaylor@example.org,379722,3.7,72,2025-02-13,Credit Card
ENROLL_00530,Krystal Brennan,jillwebb@example.com,928858,3.0,67,2024-10-28,PayPal
ENROLL_00531,John Brown,jim38@example.com,1251654,1.5,22,2025-07-25,Bank Transfer
ENROLL_00532,Jesse Williams,dakota84@example.net,72262,3.4,79,2025-04-19,Bank Transfer
ENROLL_00533,Laura Bennett,pdiaz@example.org,177472,3.3,72,2025-11-02,Credit Card
ENROLL_00534,William Walker,wgomez@example.com,1196816,3.2,31,2026-06-04,Credit Card
ENROLL_00535,Mr. Jonathan Taylor,jerryrobertson@example.com,1109736,3.5,89,2025-03-10,Bank Transfer
ENROLL_00536,Christopher Guzman,guerrerorobert@example.com,794151,2.6,36,2026-04-09,PayPal
ENROLL_00537,Michael Mendoza,deborahjenkins@example.org,73080,3.1,32,2024-10-30,Credit Card
ENROLL_00538,Kevin Taylor,macdonalddylan@example.org,1233302,4.6,62,2025-04-15,Bank Transfer
ENROLL_00539,Kellie Sullivan,johnsjessica@example.com,977516,3.4,85,2024-12-02,PayPal
ENROLL_00540,Lawrence Ruiz,ajackson@example.net,456284,4.4,11,2025-01-15,Credit Card
ENROLL_00541,Samantha White,gary57@example.net,750934,1.9,35,2025-12-29,PayPal
ENROLL_00542,James Anderson,harrismichele@example.net,1037868,1.7,72,2026-03-12,Credit Card
ENROLL_00543,Chase Davis,mvalenzuela@example.org,1119092,4.1,63,2026-08-09,PayPal
ENROLL_00544,Kathy Wilson,mhopkins@example.net,997964,1.9,42,2026-07-01,Credit Card
ENROLL_00545,Todd Gregory,xboyd@example.org,946310,4.6,78,2026-03-22,PayPal
ENROLL_00546,Crystal Lang,zbell@example.net,1068664,4.4,98,2026-09-02,Bank Transfer
ENROLL_00547,Melissa Davis,jonathancannon@example.org,1107524,4.3,37,2025-05-05,PayPal
ENROLL_00548,Kimberly Scott,fletcherkristine@example.net,689868,4.3,96,2025-11-06,PayPal
ENROLL_00549,Adam Pena,robert12@example.com,1271182,3.8,57,2026-02-15,Credit Card
ENROLL_00550,Deborah Herrera,cheryl63@example.com,1123250,4.6,38,2025-11-29,PayPal
ENROLL_00551,Karen Wood,tking@example.net,1052118,4.8,92,2025-06-21,PayPal
ENROLL_00552,Jennifer Taylor,adkinssean@example.net,549094,2.5,42,2025-01-30,Credit Card
ENROLL_00553,Jordan Hartman,martintamara@example.org,533416,4.4,90,2026-06-13,Bank Transfer
ENROLL_00554,Charles Frost,qdavis@example.org,834606,2.7,49,2025-07-12,Credit Card
ENROLL_00555,Andrew Cruz,hmendez@example.com,923616,1.0,63,2026-04-02,Credit Card
ENROLL_00556,Amy Ayala,daniellegonzales@example.org,144222,3.5,46,2026-07-19,Credit Card
ENROLL_00557,Regina Mitchell,bowerswilliam@example.net,520468,3.9,84,2025-03-25,PayPal
ENROLL_00558,Megan Ward,cantrellchristopher@example.com,1095700,3.2,12,2026-05-25,PayPal
ENROLL_00559,Michael Sullivan,aprilmclaughlin@example.org,1178762,2.8,45,2026-09-10,Bank Transfer
ENROLL_00560,Duane Gallegos,michael43@example.net,28295,4.0,97,2025-02-25,Bank Transfer
ENROLL_00561,Jared Smith,richardrodriguez@example.org,873844,4.4,40,2025-10-22,Credit Card
ENROLL_00562,Travis Pratt,nancy94@example.net,397946,2.2,55,2025-09-05,Credit Card
ENROLL_00563,Kristine Carrillo,susan77@example.net,713258,1.4,73,2026-07-28,PayPal
ENROLL_00564,Brian Jones,ericahall@example.com,41884,3.1,65,2025-08-13,PayPal
ENROLL_00565,Kelli Smith,john16@example.net,874166,4.5,54,2026-05-01,PayPal
ENROLL_00566,Angela Velazquez,nedwards@example.net,801702,2.6,45,2025-04-23,PayPal
ENROLL_00567,Paul Conrad,victorgonzalez@example.net,64605,2.7,21,2025-04-03,PayPal
ENROLL_00568,Christine Harris,marykelly@example.org,652376,3.1,98,2024-12-29,Bank Transfer
ENROLL_00569,Megan Alvarado,duranamber@example.org,927336,4.3,53,2026-07-17,Credit Card
ENROLL_00570,Mr. Johnathan Galloway,travis84@example.com,938560,1.4,68,2025-03-18,Bank Transfer
ENROLL_00571,Bethany Fox,imendoza@example.org,258894,4.9,48,2025-10-22,PayPal
ENROLL_00572,Scott Parsons,sbray@example.net,658276,2.3,58,2025-09-19,Bank Transfer
ENROLL_00573,Adam Craig,ucarpenter@example.com,644820,4.8,34,2026-01-15,Credit Card
ENROLL_00574,Chelsea Baker,thomas95@example.com,245822,2.8,71,2025-02-16,Bank Transfer
ENROLL_00575,Mr. Michael Watson PhD,shannon92@example.net,1111552,2.8,16,2026-03-13,Bank Transfer
ENROLL_00576,Brett Nelson,angelachase@example.org,1157298,4.3,90,2025-01-18,Bank Transfer
ENROLL_00577,Nancy Kennedy,thompsonvictor@example.net,1144780,2.5,38,2025-11-02,Bank Transfer
ENROLL_00578,Emily Tucker,anna90@example.com,512400,1.0,90,2024-12-12,PayPal
ENROLL_00579,Amy Cervantes,gcombs@example.com,609642,1.5,76,2026-04-28,PayPal
ENROLL_00580,Isaac Castro,maurice61@example.com,708514,3.4,55,2026-08-01,PayPal
ENROLL_00581,Lisa Ray,tiffanymitchell@example.com,1230950,1.7,26,2026-03-03,PayPal
ENROLL_00582,Patricia Griffin,jamesjustin@example.net,769270,3.8,96,2025-01-17,Bank Transfer
ENROLL_00583,Margaret Mcfarland,kwelch@example.com,219756,3.1,39,2026-07-18,PayPal
ENROLL_00584,Angela Cooper,logan44@example.net,720300,3.8,26,2026-02-09,Bank Transfer
ENROLL_00585,Stephen Norman,julie87@example.com,199822,3.3,70,2025-02-03,PayPal
ENROLL_00586,Alexander Luna,shelby13@example.org,464184,2.1,89,2025-08-01,Credit Card
ENROLL_00587,Arthur Johns,johnsonrandy@example.org,81278,1.5,81,2024-12-16,Bank Transfer
ENROLL_00588,Christopher Pena,pparker@example.net,463354,1.2,77,2025-05-05,Bank Transfer
ENROLL_00589,Cameron Rose,anthonyalvarado@example.com,42040,1.9,42,2026-07-30,Credit Card
ENROLL_00590,William Fernandez,amy28@example.org,217628,4.0,15,2025-12-29,PayPal
ENROLL_00591,Lynn Fields,omills@example.net,1228708,1.6,53,2025-05-25,Bank Transfer
ENROLL_00592,Karen Perez,ramosmichael@example.com,475912,2.1,82,2025-01-25,PayPal
ENROLL_00593,Aaron Ochoa,mauriceharrison@example.org,394832,2.8,77,2026-03-15,PayPal
ENROLL_00594,Theresa Woods,cannonlauren@example.net,882128,1.2,29,2025-03-25,PayPal
ENROLL_00595,Kimberly Lopez,kfoster@example.net,723878,2.8,33,2026-04-22,Credit Card
ENROLL_00596,Sandra Walker,hendersonjohn@example.net,957362,2.0,52,2026-06-16,Credit Card
ENROLL_00597,Denise Wong,robert12@example.org,874012,1.5,85,2025-05-09,Credit Card
ENROLL_00598,Jesse Chavez,blopez@example.org,56926,4.2,59,2024-11-04,PayPal
ENROLL_00599,Alison Compton,joseph70@example.org,138228,4.9,72,2024-12-06,PayPal
ENROLL_00600,Johnny Peterson,kristi75@example.com,945336,2.1,18,2026-03-22,PayPal
ENROLL_00601,Erin Bridges,brianrowe@example.org,530426,1.9,90,2025-11-22,Bank Transfer
ENROLL_00602,Corey Skinner,hclayton@example.net,425910,1.4,50,2025-04-08,Credit Card
ENROLL_00603,William Wright,gonzalezjill@example.org,554136,4.4,77,2025-11-05,Credit Card
ENROLL_00604,Christine Price,sharon20@example.net,559204,1.5,92,2026-09-25,Credit Card
ENROLL_00605,Barbara Olson,james03@example.org,571506,4.6,92,2025-03-29,Bank Transfer
ENROLL_00606,Erika Jackson,brenda63@example.org,436568,4.7,34,2024-10-29,PayPal
ENROLL_00607,Melissa Barker,nathandavis@example.org,647564,4.7,89,2025-10-20,Credit Card
ENROLL_00608,Luke Galvan,browndeanna@example.net,1016388,1.2,15,2025-11-17,Bank Transfer
ENROLL_00609,Beth Hall,linda73@example.org,1115064,3.0,33,2026-03-16,Bank Transfer
ENROLL_00610,Nathaniel King,washingtonsamuel@example.com,644654,1.5,62,2025-11-22,PayPal
ENROLL_00611,Cheryl Lopez,mario74@example.net,512000,4.6,50,2026-09-07,Credit Card
ENROLL_00612,Caitlyn Schmidt,qphillips@example.net,998580,4.1,46,2025-07-09,PayPal
ENROLL_00613,Ricardo Hunter,nicoleharvey@example.com,1233894,2.5,72,2026-05-22,Bank Transfer
ENROLL_00614,Erica Brown,rlee@example.com,1083744,4.5,27,2026-05-14,Credit Card
ENROLL_00615,Lisa Morris,daniel81@example.org,896858,1.9,53,2026-07-07,Bank Transfer
ENROLL_00616,Cassandra Johnson,washingtoncorey@example.net,402508,1.4,72,2026-02-07,Credit Card
ENROLL_00617,Mary Fox,brandon39@example.net,1189592,3.0,79,2024-11-21,Bank Transfer
ENROLL_00618,Thomas Rios,mcdonalddanielle@example.com,924216,1.4,55,2025-12-04,Bank Transfer
ENROLL_00619,Stephanie Short,colonjoseph@example.org,260444,1.7,90,2026-04-20,Bank Transfer
ENROLL_00620,Eric Blackburn,garciajerry@example.com,43319,2.1,99,2025-02-21,Bank Transfer
ENROLL_00621,Matthew Hudson,angelagrant@example.net,464844,1.9,89,2024-12-17,PayPal
ENROLL_00622,Laura Craig,kandrade@example.org,396238,2.2,14,2025-11-28,Credit Card
ENROLL_00623,George Moore,umahoney@example.net,663696,2.7,51,2025-06-06,PayPal
ENROLL_00624,Jennifer Schultz,charlene98@example.org,844458,2.3,97,2025-07-15,Bank Transfer
ENROLL_00625,Tammy King,zwest@example.org,447362,1.3,92,2026-04-14,Credit Card
ENROLL_00626,Duane Smith,victoriaturner@example.com,729128,4.9,84,2025-03-18,PayPal
ENROLL_00627,Ethan Ingram,samantha88@example.net,838260,4.0,27,2026-09-16,Credit Card
ENROLL_00628,Anna Stevens,devonrichardson@example.net,988678,3.3,91,2025-04-09,Bank Transfer
ENROLL_00629,Robert Davis,ncarroll@example.net,880564,4.9,37,2024-11-25,PayPal
ENROLL_00630,Rebecca Thompson,larsonkevin@example.net,1266148,4.6,51,2026-06-16,Bank Transfer
ENROLL_00631,Angela Brown,michael66@example.org,855172,2.5,51,2026-08-03,Bank Transfer
ENROLL_00632,Nicole Atkinson,walterscrystal@example.org,752706,1.3,28,2025-05-21,Bank Transfer
ENROLL_00633,Emma Cunningham,wayne32@example.org,537896,2.1,18,2026-03-04,Credit Card
ENROLL_00634,Jenna Griffin,walkerkeith@example.com,936504,3.1,89,2025-01-19,PayPal
ENROLL_00635,Bradley Duncan,kelleyjose@example.com,556922,3.9,69,2025-10-21,PayPal
ENROLL_00636,Michael Gill,fhansen@example.com,356840,3.9,24,2026-02-15,Credit Card
ENROLL_00637,Kristina Shea,johnadams@example.com,470472,2.5,73,2025-06-05,Bank Transfer
ENROLL_00638,Laura Rodriguez,whenderson@example.org,1005658,4.4,28,2025-06-03,PayPal
ENROLL_00639,Matthew Carrillo,vanessajensen@example.com,411778,4.6,18,2026-01-24,Bank Transfer
ENROLL_00640,Andrew Meyers,ginamoore@example.net,911712,2.4,72,2026-07-21,Bank Transfer
ENROLL_00641,Patrick Sanchez,mistywilkins@example.org,300466,2.5,37,2025-06-20,PayPal
ENROLL_00642,Ashley Cole,riverajody@example.org,647564,1.6,28,2025-03-04,Bank Transfer
ENROLL_00643,Nicole Dunn,heatherbarnett@example.com,316750,3.5,16,2025-12-23,PayPal
ENROLL_00644,Kelsey Scott,campbellkristina@example.net,138560,2.0,98,2025-04-25,Bank Transfer
ENROLL_00645,Matthew Smith,qguerrero@example.net,1211366,3.1,54,2025-07-03,Credit Card
ENROLL_00646,Alicia Dillon,yhall@example.net,59922,1.2,29,2026-04-01,PayPal
ENROLL_00647,Ethan Delacruz,lopezvincent@example.com,390510,1.0,87,2025-12-06,Credit Card
ENROLL_00648,Alison Wright,matthew62@example.org,939636,3.8,100,2025-06-23,PayPal
ENROLL_00649,Heather Turner,lisa46@example.org,536166,1.8,24,2025-12-02,PayPal
ENROLL_00650,Courtney Peterson,fsandoval@example.net,1133716,1.3,57,2025-07-20,PayPal
ENROLL_00651,Megan Salas,robertberry@example.com,1203894,3.7,44,2025-05-27,Credit Card
ENROLL_00652,Erin Daniels,denisecarpenter@example.net,1089652,2.2,26,2026-06-10,Bank Transfer
ENROLL_00653,Charles Barker,russellstout@example.org,587232,1.7,32,2026-02-18,Credit Card
ENROLL_00654,Sylvia Stewart,whitemary@example.org,1071060,2.4,47,2026-04-14,Bank Transfer
ENROLL_00655,Fernando Dudley,vturner@example.net,1249164,1.2,28,2026-09-21,Bank Transfer
ENROLL_00656,Brittany Lopez,jackfarmer@example.net,304000,1.1,39,2026-01-19,Credit Card
ENROLL_00657,Keith Hall,jerryjohnson@example.org,1053462,3.6,79,2026-03-15,Bank Transfer
ENROLL_00658,Brandi Mathis,xjoseph@example.org,547190,3.0,29,2026-07-20,Credit Card
ENROLL_00659,John Martin,antonioduran@example.org,1226518,1.6,84,2026-09-15,Credit Card
ENROLL_00660,Jason Newton,katherinejones@example.com,631128,2.1,70,2026-08-01,Credit Card
ENROLL_00661,Melissa Delacruz,ronaldparsons@example.net,425084,1.6,23,2026-04-21,Bank Transfer
ENROLL_00662,Michelle Long,meyershannon@example.org,1000136,4.6,38,2026-08-09,Bank Transfer
ENROLL_00663,Kelly Foster PhD,oblack@example.org,654038,2.6,85,2025-02-21,Bank Transfer
ENROLL_00664,James Torres,steven64@example.net,941520,1.2,39,2026-09-10,Credit Card
ENROLL_00665,Jose Thomas,gdavis@example.org,486240,4.3,91,2025-02-13,PayPal
ENROLL_00666,Teresa Horton,phillipmorris@example.org,638100,1.3,43,2025-02-12,PayPal
ENROLL_00667,Steven Huang,udavis@example.net,637974,4.1,56,2026-02-12,PayPal
ENROLL_00668,Rebecca Higgins,davisjasmin@example.net,1146288,4.7,91,2025-07-05,Credit Card
ENROLL_00669,Michael Acosta,nicholasjames@example.org,1143414,4.9,86,2026-09-05,Credit Card
ENROLL_00670,Seth Huffman,mistywhite@example.net,982328,1.5,41,2024-11-05,Bank Transfer
ENROLL_00671,Eric Mack,lroberts@example.org,607360,4.8,61,2026-08-25,PayPal
ENROLL_00672,Dale Dean,alexander77@example.net,393850,3.3,31,2026-06-16,Credit Card
ENROLL_00673,Stephen Young,cchavez@example.org,1085646,3.4,92,2026-01-06,PayPal
ENROLL_00674,Dana Kelley,brandonhernandez@example.net,247940,3.3,76,2025-06-25,Credit Card
ENROLL_00675,Scott Estrada,mark10@example.org,724824,3.1,54,2025-08-16,Bank Transfer
ENROLL_00676,Candace Mitchell DDS,tammycurry@example.com,113706,3.7,34,2026-09-20,PayPal
ENROLL_00677,Randy Morris,wwilkins@example.com,799434,2.9,26,2026-07-14,Bank Transfer
ENROLL_00678,Eileen Taylor,mark68@example.org,62252,1.3,83,2026-03-21,PayPal
ENROLL_00679,Anthony Duncan,webbhaley@example.net,337072,1.1,25,2025-05-08,PayPal
ENROLL_00680,Ryan Green,sara99@example.com,796486,4.9,83,2025-11-04,PayPal
ENROLL_00681,Kathleen Morton,jeanettekrause@example.org,1031626,4.4,14,2024-12-27,Credit Card
ENROLL_00682,Mario Wilson,laurenduarte@example.com,968056,1.1,41,2024-11-01,PayPal
ENROLL_00683,Justin Walsh,davidsonhannah@example.com,1029062,4.7,52,2026-06-02,Bank Transfer
ENROLL_00684,Eric Pierce,wilsonmathew@example.com,1125814,1.6,54,2026-04-12,PayPal
ENROLL_00685,Toni Collier,markmorgan@example.net,1086834,3.8,47,2025-10-04,Credit Card
ENROLL_00686,Rebecca Brewer,dmoore@example.net,188064,2.7,96,2026-08-23,Bank Transfer
ENROLL_00687,Richard Gutierrez,conleykevin@example.net,599628,3.6,38,2026-03-07,Bank Transfer
ENROLL_00688,Joshua Clark,lauren51@example.org,551702,1.8,35,2025-05-02,Credit Card
ENROLL_00689,Gina Brooks,ashleyprice@example.net,112602,4.6,57,2024-12-26,Bank Transfer
ENROLL_00690,Nicole Thornton,jennifer46@example.org,1167536,3.0,16,2025-10-18,Credit Card
ENROLL_00691,Jacqueline Gallegos,javier42@example.org,1163242,3.7,40,2025-07-14,Bank Transfer
ENROLL_00692,Paula Gentry,zhunter@example.com,1115064,1.2,47,2026-08-30,PayPal
ENROLL_00693,Cheryl Mclean,kimberly21@example.net,563248,3.6,20,2026-03-06,Bank Transfer
ENROLL_00694,Christine Johnson MD,smithsarah@example.net,674354,4.0,87,2026-07-17,Bank Transfer
ENROLL_00695,Anita Owens,garciakatie@example.net,655300,1.4,71,2025-05-27,Credit Card
ENROLL_00696,Peter Fowler,manuellee@example.com,685190,4.6,68,2025-11-14,PayPal
ENROLL_00697,Jeremy Wilson,ericwilson@example.net,389834,3.1,84,2025-12-05,PayPal
ENROLL_00698,Christine Bell,joseph49@example.org,427040,4.1,12,2025-02-07,Bank Transfer
ENROLL_00699,Louis Morgan,bwilliams@example.com,939962,4.1,90,2026-08-29,Credit Card
ENROLL_00700,Ashley Brown,tmyers@example.net,1007396,2.2,67,2026-08-20,Credit Card
ENROLL_00701,Sara Lyons,larry38@example.org,1013314,2.0,64,2026-09-13,Credit Card
ENROLL_00702,Julie Anderson,tdavis@example.net,1029554,1.7,51,2026-02-09,PayPal
ENROLL_00703,Julie Hall,douglashuang@example.com,41884,2.9,89,2026-09-06,Bank Transfer
ENROLL_00704,Clifford Stark,kristina57@example.com,416548,1.3,93,2024-10-20,Credit Card
ENROLL_00705,Brian Mendoza,justinbailey@example.net,758582,4.6,41,2025-01-03,Credit Card
ENROLL_00706,Jennifer Klein,nguyendebra@example.com,1093446,2.1,23,2025-11-14,Bank Transfer
ENROLL_00707,Kevin Allen,amydickson@example.com,1076222,2.6,38,2024-11-17,Credit Card
ENROLL_00708,Robert Garza,vbradley@example.net,537896,1.0,66,2026-03-20,Bank Transfer
ENROLL_00709,Matthew Miller,mwilson@example.com,1055424,4.9,92,2025-06-06,Credit Card
ENROLL_00710,Samantha Thompson,gjones@example.net,304420,4.8,73,2026-06-21,Bank Transfer
ENROLL_00711,Sally Murphy,davislisa@example.net,174800,2.2,80,2026-08-29,PayPal
ENROLL_00712,Rhonda Sherman,shawncarter@example.net,1035638,3.8,51,2025-12-19,Credit Card
ENROLL_00713,Daniel Rich,ashley46@example.net,955914,1.3,60,2026-09-07,Bank Transfer
ENROLL_00714,Brandon Smith,sabbott@example.org,280194,3.6,83,2025-07-10,PayPal
ENROLL_00715,Tracy Smith,daniel40@example.org,996888,3.7,73,2025-08-28,Bank Transfer
ENROLL_00716,Jennifer Flores,bsullivan@example.net,1247394,3.4,29,2025-03-10,PayPal
ENROLL_00717,Karen Lopez,xbridges@example.com,638980,3.5,38,2025-01-24,Credit Card
ENROLL_00718,Shane Martinez,jonesalfred@example.net,921474,2.8,19,2026-08-15,Bank Transfer
ENROLL_00719,Mr. William Miller,ydalton@example.net,875194,1.5,56,2026-01-09,PayPal
ENROLL_00720,Lisa Gibson,carnold@example.com,839026,3.1,16,2025-06-29,Bank Transfer
ENROLL_00721,Jeff Smith,pbradford@example.net,916902,1.5,49,2025-10-21,PayPal
ENROLL_00722,Timothy Johnston,goodashley@example.net,725906,3.9,57,2025-07-10,PayPal
ENROLL_00723,John Vaughn,jessicafox@example.com,1025536,1.4,69,2025-09-23,Credit Card
ENROLL_00724,Kelly Bishop,thomasharmon@example.net,868128,2.5,92,2024-11-26,Bank Transfer
ENROLL_00725,Kimberly Riley,bergeramanda@example.org,421018,2.1,46,2025-09-26,Credit Card
ENROLL_00726,Taylor Berry,robert44@example.org,663022,3.4,19,2024-10-24,PayPal
ENROLL_00727,Linda Torres,bryan79@example.org,937134,2.4,93,2025-12-15,PayPal
ENROLL_00728,William Lamb,mitchellchristopher@example.net,619610,4.0,86,2024-11-25,PayPal
ENROLL_00729,Diana Anderson,joshua40@example.net,850726,4.9,82,2024-12-22,PayPal
ENROLL_00730,Susan Stevenson,lwood@example.com,414246,4.9,20,2026-05-27,PayPal
ENROLL_00731,Kari Lloyd,cooperchristopher@example.org,1070976,1.6,65,2026-01-02,PayPal
ENROLL_00732,Brittany Crawford,ptownsend@example.net,1117796,1.1,89,2025-09-03,PayPal
ENROLL_00733,Carol Lane,brian41@example.org,850726,4.5,55,2025-02-04,Credit Card
ENROLL_00734,John Alvarez,noahthornton@example.com,1167536,1.4,96,2025-04-18,Bank Transfer
ENROLL_00735,Seth Smith,ureyes@example.net,1243448,4.9,58,2026-03-11,Credit Card
ENROLL_00736,Anne Schmidt,stephanie69@example.net,138336,3.6,74,2026-07-25,Credit Card
ENROLL_00737,Devin Lang,destiny67@example.net,895040,2.0,46,2026-05-01,PayPal
ENROLL_00738,Michael Townsend,erica25@example.net,900472,2.6,57,2024-10-05,Credit Card
ENROLL_00739,Sandra Smith,foxgina@example.com,658764,3.1,64,2025-03-16,Bank Transfer
ENROLL_00740,Darlene Johnson,brownbrooke@example.org,761938,3.4,45,2026-01-05,PayPal
ENROLL_00741,Michelle Wilson,nicholasgallagher@example.net,390472,3.3,98,2025-12-10,PayPal
ENROLL_00742,Cathy Rodriguez,jonowens@example.org,597424,2.8,84,2026-02-05,Bank Transfer
ENROLL_00743,Zachary Hammond,jonathan14@example.org,475914,1.1,84,2025-07-21,PayPal
ENROLL_00744,Zachary Scott,gregory17@example.org,794398,3.3,58,2026-01-14,PayPal
ENROLL_00745,Matthew Rodriguez,probinson@example.org,936328,1.6,68,2026-09-05,Bank Transfer
ENROLL_00746,David Johnson,duncanjohn@example.com,555952,1.8,91,2024-10-11,PayPal
ENROLL_00747,Brittany Bowman,ortegajoseph@example.net,316704,4.4,58,2025-06-10,Bank Transfer
ENROLL_00748,Laura Robertson,zmendoza@example.net,532008,3.5,50,2026-05-26,Credit Card
ENROLL_00749,Andrea Perez,xfinley@example.com,73962,3.1,69,2024-12-30,Credit Card
ENROLL_00750,Taylor Howard,richard15@example.net,1153854,4.4,24,2026-07-21,PayPal
ENROLL_00751,Angela Stevens,deborah28@example.org,490392,1.1,56,2025-07-22,Credit Card
ENROLL_00752,Elizabeth Price,mccoymichael@example.org,1087466,2.0,68,2026-08-15,Credit Card
ENROLL_00753,Nancy Taylor,anthonydavies@example.org,1250824,2.9,13,2025-10-11,Credit Card
ENROLL_00754,Ricky Schneider,zferguson@example.com,876396,5.0,11,2024-10-09,Credit Card
ENROLL_00755,Anthony French,sullivanjason@example.net,1275872,4.1,58,2026-02-27,Bank Transfer
ENROLL_00756,Teresa Berg,joycehall@example.org,631754,1.9,17,2024-10-25,Credit Card
ENROLL_00757,Katherine Smith,sanchezdeborah@example.org,95176,2.4,67,2025-02-07,Bank Transfer
ENROLL_00758,Summer Hoover,bryantgeorge@example.net,513212,3.0,72,2024-11-15,PayPal
ENROLL_00759,Ashley Crawford,bryanharris@example.com,459922,1.1,50,2026-06-19,PayPal
ENROLL_00760,Nancy Morales,daughertybarbara@example.org,642940,4.0,43,2025-06-03,Bank Transfer
ENROLL_00761,Rebecca Duran,matthewmartinez@example.org,543242,4.1,46,2026-05-08,Credit Card
ENROLL_00762,Michael Tran,lsanchez@example.org,866460,1.6,32,2025-01-08,Credit Card
ENROLL_00763,Ryan Salazar,alexistucker@example.org,576946,4.4,88,2024-10-02,Bank Transfer
ENROLL_00764,Brandon Pearson,robert72@example.org,173548,1.1,28,2025-01-16,Credit Card
ENROLL_00765,Kelly Jenkins,cheryljohnson@example.org,344234,1.7,49,2026-04-07,Credit Card
ENROLL_00766,Dr. Mark Patton MD,grantjames@example.net,598722,4.9,41,2024-12-10,PayPal
ENROLL_00767,Shari Hatfield,stevensims@example.org,53549,3.5,57,2025-04-29,PayPal
ENROLL_00768,Brian Hernandez,kjimenez@example.net,580466,4.8,59,2026-09-13,Bank Transfer
ENROLL_00769,Matthew Mitchell,nking@example.com,874312,3.6,50,2024-10-30,Bank Transfer
ENROLL_00770,Anthony Medina,kristenwashington@example.org,707224,3.7,27,2024-11-21,Credit Card
ENROLL_00771,Mikayla Watkins,robert53@example.org,1132342,3.8,52,2025-06-07,Credit Card
ENROLL_00772,David Gutierrez,nicholaswalker@example.com,599652,3.1,99,2025-12-25,Bank Transfer
ENROLL_00773,Dr. Charles Reilly,xthompson@example.org,429952,4.3,29,2025-09-17,Bank Transfer
ENROLL_00774,Lynn Cantrell,matthewjohnson@example.net,726314,1.7,92,2024-11-12,PayPal
ENROLL_00775,Brian Owens,vjackson@example.org,162274,2.0,10,2026-08-16,PayPal
ENROLL_00776,Christopher Norton,belindatran@example.org,418386,2.5,39,2024-12-03,Bank Transfer
ENROLL_00777,Joseph Atkins,brittanyhood@example.com,8324,4.7,92,2024-10-08,Bank Transfer
ENROLL_00778,Nancy Wright,ryan39@example.org,482208,2.0,21,2026-09-06,Credit Card
ENROLL_00779,Abigail Baird,esparzajessica@example.net,1247394,1.0,39,2024-10-23,Bank Transfer
ENROLL_00780,James Pacheco,chavezjohn@example.net,1083744,3.0,83,2026-05-04,PayPal
ENROLL_00781,Nicholas Dodson,michaelallen@example.org,1199774,3.2,77,2024-10-09,PayPal
ENROLL_00782,Eric Warner,braysteven@example.org,109622,1.7,16,2026-08-07,Credit Card
ENROLL_00783,Cathy Savage,apadilla@example.net,505208,1.6,78,2024-11-20,PayPal
ENROLL_00784,Michael Schmidt,ronald49@example.net,1225686,5.0,72,2025-12-17,Bank Transfer
ENROLL_00785,Rachel Miller,jill08@example.net,222062,1.7,23,2025-07-06,PayPal
ENROLL_00786,Ashley Diaz,diazgregory@example.net,1032864,4.7,67,2026-03-28,Credit Card
ENROLL_00787,Michael Harris,john17@example.net,370752,2.5,56,2026-09-26,PayPal
ENROLL_00788,Shelby Warner,lukehurst@example.net,212398,3.7,89,2026-03-09,PayPal
ENROLL_00789,Anthony Watson,htucker@example.org,20387,2.6,21,2025-09-27,Credit Card
ENROLL_00790,Meghan Patel,shannon51@example.org,1182330,4.4,80,2026-08-20,Credit Card
ENROLL_00791,Anita Myers,keithfrye@example.org,20387,3.9,83,2025-02-01,Bank Transfer
ENROLL_00792,Michael Crawford,abigailburton@example.com,32033,2.1,38,2025-08-16,PayPal
ENROLL_00793,Kimberly Anderson,robert04@example.org,337320,4.6,47,2024-11-14,Bank Transfer
ENROLL_00794,Robert Conley,robert55@example.com,500628,3.4,13,2025-12-31,PayPal
ENROLL_00795,Kerri Kelley,itorres@example.com,168358,3.7,96,2025-02-07,Credit Card
ENROLL_00796,Cristina Watson,kayla02@example.com,267560,1.0,26,2025-05-05,PayPal
ENROLL_00797,Christopher Glass,ian22@example.org,1151342,2.5,67,2025-03-30,PayPal
ENROLL_00798,Xavier Andrews,lgreen@example.org,632136,2.4,53,2025-12-07,Credit Card
ENROLL_00799,Mary Spence,nathanfernandez@example.org,286160,2.6,45,2025-11-15,Credit Card
ENROLL_00800,Thomas Sullivan,dmack@example.com,548068,5.0,48,2025-01-26,Credit Card
ENROLL_00801,Oscar Cantrell,deborah47@example.com,1256136,2.4,31,2026-05-05,Credit Card
ENROLL_00802,Ms. Bridget Cunningham,hmorgan@example.net,1266468,3.4,72,2025-10-04,Credit Card
ENROLL_00803,Brenda Pierce,angel93@example.com,1009254,2.9,87,2025-07-01,Credit Card
ENROLL_00804,Anthony Davidson,kimberlywang@example.org,249126,4.4,25,2024-10-14,PayPal
ENROLL_00805,Samuel Rhodes,daughertypreston@example.com,919354,4.7,14,2025-05-31,Bank Transfer
ENROLL_00806,Kayla Brown,raymond65@example.com,63712,2.3,95,2025-07-13,Bank Transfer
ENROLL_00807,Gregory Parker,fsawyer@example.org,721202,2.0,87,2026-04-15,Credit Card
ENROLL_00808,Natalie Perry,zroberts@example.net,639126,2.0,68,2026-08-25,Credit Card
ENROLL_00809,Steven Taylor,thomaskevin@example.net,73080,1.2,55,2025-06-14,PayPal
ENROLL_00810,Tyler Avila,smithdanielle@example.com,553832,4.6,54,2025-08-14,PayPal
ENROLL_00811,Joel Bradley,jamescollier@example.com,405488,1.4,26,2025-12-01,Bank Transfer
ENROLL_00812,Rodney Turner MD,dhansen@example.org,1246518,4.0,81,2024-10-17,Credit Card
ENROLL_00813,Brittany Evans,qmartinez@example.com,311638,1.6,44,2025-08-17,Credit Card
ENROLL_00814,Terry Newman,wilsonjoshua@example.org,403106,2.5,11,2026-01-05,Bank Transfer
ENROLL_00815,Lauren Cunningham,courtney71@example.com,543212,4.1,43,2025-10-30,Credit Card
ENROLL_00816,Alicia Green,thomassteven@example.net,353044,4.8,22,2025-01-10,PayPal
ENROLL_00817,Anthony Ward,brandon48@example.net,772480,4.5,54,2026-09-24,Bank Transfer
ENROLL_00818,Cory Burton,georgegary@example.com,578900,2.0,75,2026-08-05,Credit Card
ENROLL_00819,Ryan Marsh,gina51@example.net,505208,1.6,23,2025-12-21,Credit Card
ENROLL_00820,Charles Taylor,nathan76@example.com,679158,3.7,45,2026-09-12,Credit Card
ENROLL_00821,Ashley Moore,mariepope@example.net,671960,2.6,42,2026-01-16,Credit Card
ENROLL_00822,Tiffany Mathis,butlersabrina@example.org,933818,3.7,58,2026-06-25,Credit Card
ENROLL_00823,Alan Bailey,don79@example.net,982328,2.4,49,2026-05-13,PayPal
ENROLL_00824,Carrie Torres,walkermelissa@example.org,505780,2.9,98,2026-03-15,Credit Card
ENROLL_00825,Calvin Anderson,colemankathryn@example.org,113712,1.6,64,2024-11-26,Credit Card
ENROLL_00826,John Reynolds,danielmcguire@example.net,953152,2.8,96,2025-12-31,PayPal
ENROLL_00827,Bryan King,turneralex@example.org,742142,1.8,64,2026-05-27,Credit Card
ENROLL_00828,Lance Matthews,jackbell@example.org,651990,3.1,81,2025-01-18,PayPal
ENROLL_00829,Teresa Rush,michael89@example.org,640062,2.2,86,2025-10-24,PayPal
ENROLL_00830,Annette Lane,ricejennifer@example.com,504036,2.9,44,2025-02-07,PayPal
ENROLL_00831,Kimberly Beltran,glasssamantha@example.net,733878,2.0,21,2025-09-30,PayPal
ENROLL_00832,Kevin Gonzales,whitemichael@example.com,1191088,2.9,54,2025-08-22,PayPal
ENROLL_00833,Darren Rodriguez,david18@example.org,326338,1.0,34,2025-10-17,PayPal
ENROLL_00834,Michele Hawkins,millertristan@example.com,755198,2.4,35,2025-05-05,Credit Card
ENROLL_00835,Noah Mcdaniel,aperez@example.com,619792,2.4,99,2026-07-23,Bank Transfer
ENROLL_00836,Scott Jacobson,xcrosby@example.org,1057242,2.1,80,2024-10-06,Bank Transfer
ENROLL_00837,Mrs. Ashley Kim DDS,wilsonralph@example.net,459922,4.9,97,2025-12-29,PayPal
ENROLL_00838,Natalie Stafford,calvinhester@example.com,1164876,3.5,26,2025-03-01,PayPal
ENROLL_00839,Wanda Martinez,rhardy@example.net,212398,1.3,44,2026-05-14,Credit Card
ENROLL_00840,Denise Clarke,qkelly@example.net,1141614,1.1,35,2025-08-07,PayPal
ENROLL_00841,Ms. Brittany Gibson,kingtyler@example.net,1116366,4.0,95,2025-01-09,PayPal
ENROLL_00842,Oscar Greer,lgregory@example.com,632488,2.0,19,2026-01-09,Bank Transfer
ENROLL_00843,Brittany Howell,wolfdonna@example.net,1110756,4.4,99,2026-05-16,Bank Transfer
ENROLL_00844,John Carter MD,amy88@example.org,707962,2.3,47,2026-05-13,Bank Transfer
ENROLL_00845,Jeffrey Melendez,ycole@example.com,1036028,4.2,67,2025-09-19,PayPal
ENROLL_00846,Christopher Hopkins,nicole27@example.com,284076,2.4,55,2025-01-09,PayPal
ENROLL_00847,James Gallagher,rkeller@example.net,52457,2.4,17,2025-12-15,Credit Card
ENROLL_00848,Justin Moore,myerstroy@example.com,244000,1.9,79,2026-01-19,PayPal
ENROLL_00849,Pamela Mitchell,johnsonbrandon@example.com,365816,4.3,66,2025-06-24,Bank Transfer
ENROLL_00850,Lauren Hubbard,oscar65@example.com,818786,4.6,93,2025-08-12,Bank Transfer
ENROLL_00851,Matthew Wright,brittany14@example.org,331968,4.4,13,2025-06-16,PayPal
ENROLL_00852,Joshua Johnson,abradley@example.com,1246622,3.6,48,2024-10-12,PayPal
ENROLL_00853,Leah Odom,uhudson@example.net,362530,4.8,15,2024-12-11,Credit Card
ENROLL_00854,Ariel Leonard,tyler52@example.net,204014,4.4,40,2025-05-17,Credit Card
ENROLL_00855,Jeffrey Crawford,pittmanamanda@example.com,1075808,3.9,88,2025-04-20,PayPal
ENROLL_00856,Zachary Morales,claudiarubio@example.net,993510,2.1,30,2026-07-14,PayPal
ENROLL_00857,Leslie Nelson,wsimmons@example.org,996888,3.5,87,2026-02-15,Bank Transfer
ENROLL_00858,Kathy Evans,james64@example.net,1164488,2.0,97,2025-11-01,Credit Card
ENROLL_00859,Phillip White,burtonzachary@example.org,923902,3.8,23,2025-12-19,Credit Card
ENROLL_00860,Mr. Rodney Hurley III,umichael@example.net,944156,2.7,87,2024-11-12,Credit Card
ENROLL_00861,Helen Hernandez,juliecannon@example.com,733694,4.0,88,2025-08-11,Bank Transfer
ENROLL_00862,Ronald Brown,meghanadams@example.com,1227322,2.5,87,2026-02-10,PayPal
ENROLL_00863,Michael Young,daniellee@example.org,82412,1.0,30,2026-06-08,Credit Card
ENROLL_00864,Julie Castro,chenderson@example.org,615602,4.5,100,2025-01-28,Bank Transfer
ENROLL_00865,Allen Clarke,donna20@example.net,904818,3.6,56,2025-10-09,Bank Transfer
ENROLL_00866,Amy Mosley,carolyn16@example.com,703770,2.3,78,2026-03-02,Bank Transfer
ENROLL_00867,Ann Hahn,joelduncan@example.net,953442,2.9,60,2026-09-21,Bank Transfer
ENROLL_00868,Matthew Carpenter,tyler13@example.net,1250824,1.4,23,2024-12-30,Credit Card
ENROLL_00869,Emily Collier,vshaffer@example.org,513958,3.1,52,2026-09-23,Bank Transfer
ENROLL_00870,Charles Thompson,scott49@example.org,768366,4.2,38,2025-10-12,PayPal
ENROLL_00871,Melissa Rodriguez,pwells@example.com,1152334,3.8,79,2026-08-11,PayPal
ENROLL_00872,Brianna Alvarez,lori09@example.org,669174,1.2,68,2026-07-12,PayPal
ENROLL_00873,Rebecca Brown,johnnycruz@example.net,317278,3.0,89,2026-03-25,Bank Transfer
ENROLL_00874,Robert Martinez,miaprice@example.com,504620,2.0,25,2026-09-17,Credit Card
ENROLL_00875,Dawn Davis,kennethvillarreal@example.org,219306,1.7,99,2026-09-08,PayPal
ENROLL_00876,Evan Burnett,rmccormick@example.org,1185390,2.1,43,2026-06-28,Bank Transfer
ENROLL_00877,Katherine Mclaughlin,jennifer12@example.net,666322,4.0,59,2025-04-17,PayPal
ENROLL_00878,Heather Guzman,shawn00@example.net,1027276,2.2,33,2026-02-07,PayPal
ENROLL_00879,Jeremy Davidson,moralescourtney@example.com,64173,4.2,88,2025-12-18,Credit Card
ENROLL_00880,Christopher Black,melaniejennings@example.com,413180,3.0,33,2025-09-12,PayPal
ENROLL_00881,Nicholas Green,lauren31@example.com,818838,2.7,83,2025-07-09,Credit Card
ENROLL_00882,Shawn Duffy,andrewjohnson@example.net,746790,3.6,11,2026-02-11,Credit Card
ENROLL_00883,Crystal Davis,sgonzalez@example.org,1128050,2.8,53,2024-11-04,Credit Card
ENROLL_00884,Jeffrey Green,rubiogeorge@example.net,540724,2.7,71,2024-12-27,Bank Transfer
ENROLL_00885,Joseph Ayala,fwilcox@example.org,704582,3.4,22,2025-03-20,Bank Transfer
ENROLL_00886,Cheryl Atkins,keith76@example.org,830568,1.8,77,2025-08-28,Credit Card
ENROLL_00887,Lindsay Carney,jessica36@example.org,289230,1.9,42,2025-08-10,Credit Card
ENROLL_00888,Alyssa Cherry,christinesolomon@example.com,429080,1.7,70,2025-12-23,Bank Transfer
ENROLL_00889,Judith Smith,monicamccann@example.com,304420,5.0,19,2026-03-14,Bank Transfer
ENROLL_00890,James Henderson,charles80@example.org,433084,2.9,81,2025-06-12,Bank Transfer
ENROLL_00891,Kaitlin Gomez,smithwilliam@example.com,907966,2.5,35,2025-05-19,Bank Transfer
ENROLL_00892,Megan Anderson,carpenterjorge@example.net,925854,3.1,86,2025-10-14,Credit Card
ENROLL_00893,Sherry Anderson,jennifer62@example.com,490392,2.8,79,2024-12-26,PayPal
ENROLL_00894,William Porter,julie64@example.com,1271182,3.5,37,2026-01-16,PayPal
ENROLL_00895,Tammy Black,ustafford@example.net,968026,1.1,86,2025-10-13,Credit Card
ENROLL_00896,Brittany Farrell,jbrown@example.org,519952,1.2,88,2025-03-24,Bank Transfer
ENROLL_00897,John Martin,fgraham@example.org,772950,1.6,17,2025-09-04,Credit Card
ENROLL_00898,Michael Washington,urodriguez@example.org,1214144,3.1,35,2025-01-01,PayPal
ENROLL_00899,Dalton Mitchell,karencarson@example.net,1121650,3.2,90,2026-08-19,PayPal
ENROLL_00900,Christy Bolton,foxashley@example.com,198692,3.9,54,2026-09-11,Credit Card
ENROLL_00901,Randy Rhodes,anthony16@example.com,632368,1.4,49,2025-12-29,Credit Card
ENROLL_00902,Ashley Morris,millermariah@example.net,580068,3.1,79,2025-10-04,PayPal
ENROLL_00903,Tyler Wheeler,riverabradley@example.net,485889,4.4,22,2025-09-13,Bank Transfer
ENROLL_00904,Nicholas Navarro,jasonwilliams@example.net,897238,4.1,59,2025-05-04,Bank Transfer
ENROLL_00905,Anthony Jones,qdavis@example.org,1072248,2.4,20,2025-04-01,PayPal
ENROLL_00906,Sharon Davis,frankchan@example.com,913966,3.2,95,2026-02-11,Bank Transfer
ENROLL_00907,Martha Martinez,vowen@example.com,1064104,4.4,57,2026-08-29,Credit Card
ENROLL_00908,Bonnie Wade,william77@example.com,802038,1.1,49,2025-10-02,PayPal
ENROLL_00909,Kyle Davis,nshepherd@example.org,673420,2.6,55,2025-08-30,Credit Card
ENROLL_00910,Anna Palmer,prhodes@example.net,673196,2.5,96,2026-04-04,Credit Card
ENROLL_00911,Jon Soto,robertssamuel@example.com,55569,1.2,38,2025-05-18,PayPal
ENROLL_00912,Carl Leach,alexandraphillips@example.org,838260,4.2,21,2025-11-28,Credit Card
ENROLL_00913,Andrew Rodriguez,dgutierrez@example.net,1164568,2.2,38,2026-04-09,Credit Card
ENROLL_00914,Dawn Scott,mackallen@example.net,455120,3.5,88,2026-02-22,Credit Card
ENROLL_00915,Richard Cameron,millernancy@example.com,871682,3.0,77,2025-05-28,Credit Card
ENROLL_00916,Jordan Santiago,matthew23@example.org,304426,3.6,34,2024-11-26,Bank Transfer
ENROLL_00917,Lindsey Savage,hamiltonandrew@example.com,1094930,3.2,29,2024-12-26,Bank Transfer
ENROLL_00918,Matthew Stevens,vmelton@example.net,199500,4.1,59,2026-04-13,Bank Transfer
ENROLL_00919,Mr. William Ward,fballard@example.org,470412,4.4,80,2025-01-09,PayPal
ENROLL_00920,Brian Smith,micheleclark@example.net,739390,2.7,71,2025-01-17,PayPal
ENROLL_00921,Jessica Garrett,christophercarrillo@example.org,445118,2.0,21,2025-09-30,Bank Transfer
ENROLL_00922,Bruce Barrera,emaynard@example.org,638040,1.6,57,2026-07-26,PayPal
ENROLL_00923,David Phillips,awilliams@example.org,1132572,2.1,88,2026-01-29,Credit Card
ENROLL_00924,Jessica Perry,mmclaughlin@example.net,1068664,3.1,59,2025-12-01,PayPal
ENROLL_00925,Mrs. Jennifer Palmer DDS,dhall@example.net,1194244,4.1,19,2024-10-11,PayPal
ENROLL_00926,Ethan Brown,hsmall@example.com,653754,4.4,10,2026-01-23,Credit Card
ENROLL_00927,Hannah Terry,martinjessica@example.com,249126,1.3,25,2025-06-21,PayPal
ENROLL_00928,Jordan Matthews,sandra72@example.com,518870,1.5,52,2026-04-11,PayPal
ENROLL_00929,Toni Whitaker,laura29@example.org,1146014,4.0,87,2025-05-04,Credit Card
ENROLL_00930,Angelica Webb,jamesobrien@example.org,146852,3.0,39,2026-06-05,PayPal
ENROLL_00931,Xavier Torres,angelakidd@example.com,472592,1.8,82,2026-08-12,Credit Card
ENROLL_00932,Michael Thompson,romanmatthew@example.org,1249378,3.3,69,2026-01-19,Credit Card
ENROLL_00933,Justin Tucker,kristen08@example.com,180372,2.8,23,2026-08-24,PayPal
ENROLL_00934,Michael Robertson,mccarthysara@example.com,1191504,1.3,41,2026-06-09,PayPal
ENROLL_00935,Ryan Rodriguez,harringtonchelsea@example.org,372416,2.8,50,2026-06-28,PayPal
ENROLL_00936,Katie Jackson,pittsrhonda@example.org,838418,2.1,59,2026-04-15,PayPal
ENROLL_00937,Jeremy Hunter,mooremichael@example.org,1240730,3.9,79,2024-12-31,Credit Card
ENROLL_00938,Jessica Perry,sanchezlisa@example.com,555122,3.4,56,2025-05-07,Credit Card
ENROLL_00939,Angela Watson,qward@example.org,43291,4.3,85,2025-01-22,Credit Card
ENROLL_00940,Kendra Cobb,lauriegutierrez@example.com,953220,1.9,59,2026-08-25,PayPal
ENROLL_00941,Samuel Norton,sherry72@example.org,476408,4.4,59,2026-04-07,PayPal
ENROLL_00942,Terri Miller,richard26@example.org,745306,3.6,48,2025-07-29,PayPal
ENROLL_00943,Mary May,levinetina@example.net,1269590,2.3,48,2026-08-08,Credit Card
ENROLL_00944,Elizabeth Morales,jennifer55@example.org,374566,1.4,19,2026-07-01,PayPal
ENROLL_00945,Joseph Knapp,ngriffin@example.net,883706,1.1,70,2026-01-24,Credit Card
ENROLL_00946,Marissa Terry,trowe@example.org,1119092,2.3,16,2024-10-25,PayPal
ENROLL_00947,Jean Higgins,abigailfernandez@example.org,863998,1.2,56,2024-12-08,Credit Card
ENROLL_00948,Emily Peterson,andrewzamora@example.net,1002676,3.3,40,2025-12-31,Credit Card
ENROLL_00949,Ronnie Torres,hbenitez@example.net,578534,4.2,58,2024-11-12,Credit Card
ENROLL_00950,Debbie Romero,williamsdebra@example.org,1115504,4.1,25,2025-09-10,Bank Transfer
ENROLL_00951,Norman Chavez,lindazhang@example.net,32908,3.1,61,2026-04-05,Credit Card
ENROLL_00952,Lori Ferguson,michaelmitchell@example.net,153230,1.6,59,2025-12-15,Credit Card
ENROLL_00953,Michelle Stone,danielblack@example.org,409818,4.9,76,2026-06-28,Credit Card
ENROLL_00954,Jordan Thomas,fpoole@example.org,73898,4.9,24,2024-11-14,Credit Card
ENROLL_00955,Carlos Lewis,woodalicia@example.net,590794,1.1,38,2025-12-05,PayPal
ENROLL_00956,Jennifer Baker,cfields@example.net,1189508,4.3,52,2026-09-20,Bank Transfer
ENROLL_00957,Monique Butler,drewmartinez@example.net,406054,4.8,56,2025-09-17,Bank Transfer
ENROLL_00958,Michael Boyer,bensonstanley@example.org,1141708,4.1,12,2026-04-29,PayPal
ENROLL_00959,Justin Dorsey,guzmanricky@example.org,505144,2.4,28,2025-07-11,Bank Transfer
ENROLL_00960,Amanda Hernandez,kevin54@example.com,467238,1.4,31,2025-10-09,Credit Card
ENROLL_00961,Charles Bowers,twilliams@example.com,690546,4.6,18,2025-03-13,Bank Transfer
ENROLL_00962,Patrick Smith,carlos06@example.com,758208,2.0,30,2025-12-16,Bank Transfer
ENROLL_00963,Jesse Morgan,ualvarez@example.net,845794,4.0,72,2025-01-08,Credit Card
ENROLL_00964,Kathy Murray,jcontreras@example.net,1243448,3.4,57,2025-06-06,Credit Card
ENROLL_00965,Mario Hanson,zhall@example.com,374404,2.2,42,2025-11-21,Bank Transfer
ENROLL_00966,Michael Ramos,debbie20@example.net,556248,1.8,26,2026-01-29,Bank Transfer
ENROLL_00967,Michelle Hoffman,schneiderchristopher@example.net,861444,1.8,75,2025-11-21,Credit Card
ENROLL_00968,Amy Hudson,karenshaw@example.org,215728,1.3,26,2024-12-29,Bank Transfer
ENROLL_00969,Kim Rivers,kristin39@example.com,843536,1.8,50,2024-12-01,PayPal
ENROLL_00970,Lisa Morales,henrysarah@example.com,1048182,2.7,96,2025-09-01,Bank Transfer
ENROLL_00971,Alexander Rice,hscott@example.org,180384,1.5,61,2025-11-21,Bank Transfer
ENROLL_00972,Charles Scott,moorestephanie@example.net,640100,3.1,73,2025-02-05,Credit Card
ENROLL_00973,Tyrone White,evanscorey@example.org,698278,1.0,99,2025-08-13,PayPal
ENROLL_00974,Deanna David,williamsjohn@example.net,768366,4.9,34,2025-12-26,Credit Card
ENROLL_00975,Jordan Gordon,adamslucas@example.net,1236562,3.7,10,2025-08-09,Credit Card
ENROLL_00976,Allen Schultz,adamstabitha@example.net,1058852,2.7,99,2024-12-14,PayPal
ENROLL_00977,Justin Glover,ashley71@example.net,62721,4.0,70,2025-10-20,Bank Transfer
ENROLL_00978,Walter Brooks,kimberlymedina@example.com,933394,1.2,59,2026-09-04,PayPal
ENROLL_00979,Amanda Hess,denise20@example.org,1035472,1.4,42,2026-09-22,Bank Transfer
ENROLL_00980,Denise King,okidd@example.org,552594,4.6,44,2025-12-25,Bank Transfer
ENROLL_00981,Diana Martin,turnerrandall@example.org,1000966,1.1,83,2026-07-04,PayPal
ENROLL_00982,Justin Ramirez,gclark@example.com,688968,2.8,64,2026-08-14,Bank Transfer
ENROLL_00983,Grace Green,qnelson@example.com,796486,1.8,66,2025-06-19,Bank Transfer
ENROLL_00984,Tyler Murphy,deborahsmith@example.com,332690,3.0,55,2024-09-30,Credit Card
ENROLL_00985,Megan Gutierrez,ifarmer@example.org,895096,2.2,43,2026-05-31,PayPal
ENROLL_00986,Marilyn Ryan,wchambers@example.com,1047968,2.7,79,2026-07-01,Credit Card
ENROLL_00987,Jasmine Combs,martinezmitchell@example.org,315716,1.9,18,2025-09-07,Credit Card
ENROLL_00988,Patrick Chang,james94@example.net,286898,3.2,11,2025-03-17,Credit Card
ENROLL_00989,Johnny Cox,trevor93@example.org,140368,3.6,21,2025-02-26,Bank Transfer
ENROLL_00990,Miss Ashley Ramirez,mjackson@example.net,473548,1.7,37,2026-04-23,Credit Card
ENROLL_00991,Melanie Cunningham,chapmanjulie@example.org,866384,2.1,65,2025-04-16,PayPal
ENROLL_00992,Savannah Ibarra,james08@example.net,628440,1.4,44,2025-04-11,Credit Card
ENROLL_00993,Sonya Smith,pdavidson@example.org,591724,1.0,25,2026-07-22,Bank Transfer
ENROLL_00994,Jessica Carney,david87@example.com,407658,1.1,88,2025-07-04,PayPal
ENROLL_00995,Amanda Griffith,ramirezrobert@example.com,64605,3.7,37,2025-05-30,PayPal
ENROLL_00996,Cory Miller,mooneyjeremiah@example.net,749616,3.1,13,2025-08-22,PayPal
ENROLL_00997,Sylvia Gonzalez,lance10@example.com,320238,4.5,25,2025-08-28,PayPal
ENROLL_00998,Leslie Sims,mary31@example.com,1270222,2.0,18,2025-03-31,Bank Transfer
ENROLL_00999,Sandra Underwood,sherryparsons@example.net,637842,2.6,39,2025-09-02,Bank Transfer
ENROLL_01000,Lori Riley,villegassabrina@example.com,113712,2.3,96,2025-05-28,Credit Card
ENROLL_01001,Melissa Patton,ellisonscott@example.com,831940,2.9,79,2026-01-14,PayPal
ENROLL_01002,Andrea Byrd,phillipspatrick@example.org,159388,1.2,63,2026-01-19,PayPal
ENROLL_01003,Crystal Greene,chavezsteven@example.com,1142570,3.1,59,2026-08-11,Credit Card
ENROLL_01004,Ashley Curtis,gibsonmark@example.org,850726,3.5,55,2024-12-19,PayPal
ENROLL_01005,Kurt Jones,rebeccamartinez@example.net,978272,2.6,91,2025-04-14,PayPal
ENROLL_01006,John Oliver,johnrobles@example.org,1097486,4.9,93,2025-01-04,Credit Card
ENROLL_01007,Jeffrey Moyer,larry82@example.org,1095700,1.0,75,2025-09-26,PayPal
ENROLL_01008,Grant Wood,holmesdiane@example.org,831066,2.4,88,2024-11-10,PayPal
ENROLL_01009,Robert Hansen,hendersonjames@example.org,65110,3.8,98,2026-02-06,Bank Transfer
ENROLL_01010,Rachel Peterson,dneal@example.net,997916,2.1,61,2026-03-18,PayPal
ENROLL_01011,Kenneth Mccarty,robert21@example.com,323916,4.7,13,2026-08-08,Credit Card
ENROLL_01012,Amanda Robinson,fowlerheather@example.com,778226,2.8,61,2026-01-24,PayPal
ENROLL_01013,John Tate,lindsay63@example.com,632136,4.5,68,2025-02-17,Credit Card
ENROLL_01014,Adriana Smith,anthony12@example.com,407658,4.9,79,2025-09-04,Credit Card
ENROLL_01015,Kevin Cannon,hesterjames@example.com,342084,3.9,20,2025-02-09,Credit Card
ENROLL_01016,Dennis Thompson,gregorysmith@example.com,932274,1.4,94,2026-09-04,Credit Card
ENROLL_01017,Ronald Taylor,morganjason@example.com,1093734,1.1,15,2025-04-01,Credit Card
ENROLL_01018,Jaime Jackson,ejohns@example.org,66383,3.5,17,2025-01-17,Bank Transfer
ENROLL_01019,Bianca Lopez,ubenson@example.net,749686,2.5,62,2025-08-26,Credit Card
ENROLL_01020,Dana Williams,melissaphillips@example.org,805336,2.6,16,2025-06-08,Bank Transfer
ENROLL_01021,Mark Ramirez,melissaschmitt@example.com,1155262,2.7,58,2025-03-08,Bank Transfer
ENROLL_01022,Rachel Gibbs,jacksonpaul@example.net,321410,3.3,92,2026-05-03,Credit Card
ENROLL_01023,Kathleen Marshall,jennifer87@example.net,592352,2.7,62,2025-10-16,PayPal
ENROLL_01024,Kevin Little,clarkpatricia@example.com,1240148,2.5,88,2026-07-29,PayPal
ENROLL_01025,Daniel Coleman,xduncan@example.com,147404,3.6,42,2025-11-28,Credit Card
ENROLL_01026,Paul Phillips,jerry07@example.net,42642,1.4,17,2026-01-22,Bank Transfer
ENROLL_01027,Jerry Reynolds,linda54@example.com,101500,2.2,41,2024-10-16,Credit Card
ENROLL_01028,David Brewer,rachel48@example.net,834114,2.2,32,2025-11-25,Credit Card
ENROLL_01029,Rachel House,wilsonmichael@example.net,792703,3.0,43,2025-03-01,Credit Card
ENROLL_01030,Michael Wright,james92@example.net,1188178,1.1,58,2026-04-24,PayPal
ENROLL_01031,Debbie Carrillo,lynn66@example.net,758208,3.5,19,2026-05-08,Credit Card
ENROLL_01032,Kaitlyn Hunt,michelleperez@example.net,646918,1.1,86,2026-05-01,Bank Transfer
ENROLL_01033,David Matthews,dsharp@example.com,1269190,2.1,15,2026-06-04,Bank Transfer
ENROLL_01034,Ryan Patterson,cclark@example.net,650328,1.6,38,2024-10-20,Bank Transfer
ENROLL_01035,Kenneth Anderson,porterdonna@example.com,1163644,3.5,80,2025-06-17,Credit Card
ENROLL_01036,Jeffery Goodwin,mark09@example.org,533458,3.5,89,2026-09-13,PayPal
ENROLL_01037,William Gamble,nbaird@example.com,201942,1.4,55,2024-11-15,Credit Card
ENROLL_01038,Chelsea Rodriguez,tfowler@example.org,667332,2.4,77,2025-02-07,PayPal
ENROLL_01039,Juan Johnson,mjohnson@example.org,998872,2.2,33,2026-09-04,Credit Card
ENROLL_01040,Diane Hall,gibsonmiguel@example.org,400464,2.6,42,2025-02-07,PayPal
ENROLL_01041,Theodore Myers,andersonrobert@example.net,1123098,3.2,27,2024-11-19,Bank Transfer
ENROLL_01042,Steven Clark,kylemeyers@example.net,648350,4.0,96,2025-09-30,Credit Card
ENROLL_01043,Kenneth Collins,waynecohen@example.com,249950,4.7,92,2025-03-02,Bank Transfer
ENROLL_01044,Charles Brown,pjacobs@example.net,1236562,1.3,72,2025-06-09,Bank Transfer
ENROLL_01045,Sherry Stevens,mclaughlinkeith@example.com,883706,1.9,43,2025-06-23,PayPal
ENROLL_01046,Michelle Evans,robertwhite@example.net,1101522,4.0,53,2026-04-19,PayPal
ENROLL_01047,James Hopkins,longsonya@example.org,99826,3.1,24,2026-08-15,PayPal
ENROLL_01048,Denise Fuller,elizabeth13@example.com,231256,3.0,27,2025-08-12,Bank Transfer
ENROLL_01049,Kristen Carney MD,gordonkimberly@example.com,521952,2.3,81,2025-09-12,Bank Transfer
ENROLL_01050,Daniel Williams,jonesheather@example.net,199822,4.4,88,2025-09-20,Credit Card
ENROLL_01051,Patrick Foley,qjohnson@example.org,172898,1.5,13,2026-03-31,Bank Transfer
ENROLL_01052,Erin Goodman,fmurray@example.net,532572,1.8,65,2026-02-19,Credit Card
ENROLL_01053,Travis Taylor,mckenzie20@example.net,880564,2.7,63,2024-12-14,Bank Transfer
ENROLL_01054,Caleb Figueroa,chrisgallagher@example.net,1217948,3.6,74,2025-04-27,Credit Card
ENROLL_01055,Hunter Robinson,staffordamanda@example.com,24877,3.1,77,2026-03-22,PayPal
ENROLL_01056,Mark Mills,myerskyle@example.org,838418,2.0,92,2026-01-04,PayPal
ENROLL_01057,Raymond Wang,nicholasallen@example.org,1193538,2.9,31,2024-10-09,Bank Transfer
ENROLL_01058,William Rogers,erinbrown@example.org,911318,4.7,15,2026-06-07,Bank Transfer
ENROLL_01059,Mary Ramsey,perrydaniel@example.com,42251,1.4,31,2025-06-04,PayPal
ENROLL_01060,Chelsey Clark,hmcmillan@example.org,146450,3.0,89,2025-03-12,Bank Transfer
ENROLL_01061,Frank Smith,alexander37@example.org,27681,3.5,72,2024-11-17,Credit Card
ENROLL_01062,Diana Hanson,jonesjeffery@example.com,765056,2.7,12,2026-05-16,Credit Card
ENROLL_01063,Victoria Garcia,johnathandavis@example.com,692920,1.7,87,2026-01-30,Credit Card
ENROLL_01064,Megan Compton,martinreid@example.net,412970,1.6,82,2025-05-31,Bank Transfer
ENROLL_01065,Mary Jones,franklinbrenda@example.com,651990,4.9,100,2025-10-28,Bank Transfer
ENROLL_01066,Crystal Matthews,hallchristina@example.org,118836,4.3,10,2025-05-24,Bank Transfer
ENROLL_01067,Jeffrey Sanchez,brownnicholas@example.com,947116,1.3,83,2025-03-02,Credit Card
ENROLL_01068,Dan Johnson,vstevenson@example.org,981684,4.9,68,2025-05-01,Bank Transfer
ENROLL_01069,Richard Williams,swong@example.org,215728,3.5,19,2025-03-23,Credit Card
ENROLL_01070,Erin Allen,knoxelizabeth@example.org,869312,3.5,16,2026-06-11,Bank Transfer
ENROLL_01071,Michelle Franklin,lboyd@example.com,161986,2.8,64,2026-01-29,Bank Transfer
ENROLL_01072,Sergio Jones,brettbraun@example.org,1121696,1.7,84,2025-01-02,PayPal
ENROLL_01073,Kevin Guerra,joelmiller@example.net,854694,1.0,79,2025-09-24,Credit Card
ENROLL_01074,Nathan Sanchez,catherineturner@example.net,364716,2.0,61,2025-09-10,Credit Card
ENROLL_01075,Christina Huffman,xmiller@example.com,560996,1.5,89,2025-07-17,PayPal
ENROLL_01076,Jeremy Wagner,ywolf@example.com,1270222,2.5,52,2024-10-12,Credit Card
ENROLL_01077,Jessica Miller,brooke28@example.net,575644,2.5,43,2025-02-10,PayPal
ENROLL_01078,John Chavez,ehart@example.org,943724,4.7,35,2025-06-12,Credit Card
ENROLL_01079,John Moore,adamhensley@example.net,1147664,3.2,43,2026-04-13,PayPal
ENROLL_01080,Jared Perry,xwaller@example.com,482534,3.3,72,2025-10-12,PayPal
ENROLL_01081,William Jones,riddledavid@example.net,74016,3.0,36,2025-01-31,Credit Card
ENROLL_01082,Jeffrey Scott,william75@example.net,1011058,4.5,76,2024-11-10,Credit Card
ENROLL_01083,Tammy Fitzgerald,timdorsey@example.com,773144,2.7,98,2026-01-30,PayPal
ENROLL_01084,Alyssa Wade,josegibson@example.net,411986,3.0,100,2025-01-19,PayPal
ENROLL_01085,Lance Lynn,alexanderwise@example.net,75182,1.3,34,2026-04-02,Bank Transfer
ENROLL_01086,Jennifer Willis,stonejacob@example.com,1016420,2.7,10,2025-02-02,Credit Card
ENROLL_01087,Dawn Turner,uwillis@example.com,73046,2.4,53,2026-05-04,PayPal
ENROLL_01088,Monica Davis,lisa43@example.net,1116366,3.4,65,2025-08-02,PayPal
ENROLL_01089,Abigail Jackson,esmith@example.net,1035638,4.2,82,2025-08-17,PayPal
ENROLL_01090,Mary Quinn,gregorylopez@example.org,874656,1.1,41,2025-02-27,Bank Transfer
ENROLL_01091,Mr. Brian Bradley,jacobbrown@example.org,409818,1.1,100,2026-06-17,Bank Transfer
ENROLL_01092,Deanna Barrera,nalexander@example.org,336938,2.7,67,2026-08-02,Bank Transfer
ENROLL_01093,Angela Miller,hillmatthew@example.net,442114,3.6,83,2025-03-28,PayPal
ENROLL_01094,Michael Garcia,adamsstephanie@example.net,854690,3.5,60,2025-12-23,Bank Transfer
ENROLL_01095,Amanda Clark,bennettabigail@example.com,496302,1.4,83,2026-09-21,Credit Card
ENROLL_01096,Dr. Larry Rogers,yvonne35@example.net,980114,2.8,27,2025-08-02,Bank Transfer
ENROLL_01097,Anthony Kelly,linda07@example.net,369726,1.1,51,2025-08-05,PayPal
ENROLL_01098,Stacy Taylor,meltonjoshua@example.net,670640,3.5,50,2026-05-03,PayPal
ENROLL_01099,Isabella Montgomery,qrobertson@example.org,123242,1.2,96,2024-09-29,PayPal
ENROLL_01100,Dr. Robin Smith,morgan57@example.org,250902,1.3,64,2026-01-11,Credit Card
ENROLL_01101,Dr. Robert Bailey,shatfield@example.org,564966,4.7,22,2026-04-20,PayPal
ENROLL_01102,Lawrence Joseph,andersonlaura@example.com,1233350,3.0,50,2026-07-05,Bank Transfer
ENROLL_01103,Kimberly Baxter,peggyfriedman@example.com,663710,1.3,86,2026-02-23,PayPal
ENROLL_01104,Dana Jackson,garciavictoria@example.org,53211,4.4,81,2025-01-29,Bank Transfer
ENROLL_01105,Erin Reyes,jeffrey47@example.net,1028030,3.6,23,2024-12-31,PayPal
ENROLL_01106,Tammy Schultz,sdavis@example.com,692176,2.7,49,2026-08-05,Bank Transfer
ENROLL_01107,Kenneth Bradshaw,schneidernicholas@example.net,976854,2.1,84,2026-04-27,PayPal
ENROLL_01108,Jane May,ostokes@example.com,326244,4.2,62,2024-12-25,Bank Transfer
ENROLL_01109,Brian Peterson,juliewilson@example.com,859742,3.5,75,2025-01-03,PayPal
ENROLL_01110,Tiffany Ray,collinsbrittany@example.org,180547,4.1,60,2026-07-16,Credit Card
ENROLL_01111,Jeff Wise,aprilguzman@example.org,802040,1.1,50,2024-12-18,Credit Card
ENROLL_01112,Joshua Murray,lisaphillips@example.org,1023668,2.0,20,2025-10-20,PayPal
ENROLL_01113,Brittany Campbell,georgekyle@example.net,585496,2.9,61,2024-12-31,Credit Card
ENROLL_01114,Ryan Berry,troypadilla@example.com,673142,2.7,32,2024-11-11,Credit Card
ENROLL_01115,Mrs. Samantha Clark,isabellawilliams@example.org,20185,3.7,72,2026-07-24,Credit Card
ENROLL_01116,Mr. William Hopkins,vickiekelley@example.com,1054814,1.1,77,2025-08-21,Bank Transfer
ENROLL_01117,Wanda Todd,ujones@example.com,679238,4.0,89,2025-05-04,Credit Card
ENROLL_01118,Chloe Chase,udavis@example.net,363404,1.0,43,2026-07-31,PayPal
ENROLL_01119,Sarah Mckinney,kpena@example.org,1193056,1.2,19,2025-09-05,Credit Card
ENROLL_01120,Doris Thomas,lindagonzalez@example.net,706942,1.1,28,2024-10-04,PayPal
ENROLL_01121,Scott Garcia,nicholasmcgrath@example.net,374590,2.1,15,2026-07-12,Credit Card
ENROLL_01122,Anthony Kelly,dwhite@example.org,394832,4.4,35,2025-11-01,Bank Transfer
ENROLL_01123,Leslie Booker,hsanchez@example.org,323196,4.5,58,2025-08-01,Credit Card
ENROLL_01124,Michael Blevins DDS,yparsons@example.net,665042,2.1,81,2026-02-20,PayPal
ENROLL_01125,John Meyers,phill@example.com,1094930,3.4,38,2025-07-09,Credit Card
ENROLL_01126,Bruce Martinez,andrewberry@example.net,406820,2.3,79,2025-10-04,PayPal
ENROLL_01127,Patrick Bauer,patrickcooke@example.net,947204,2.9,22,2025-08-29,Credit Card
ENROLL_01128,Calvin Nguyen,richardhaynes@example.com,364426,2.8,64,2025-12-02,Bank Transfer
ENROLL_01129,Rachel Moreno,stonebrenda@example.net,655298,1.8,54,2026-06-25,Credit Card
ENROLL_01130,Becky Mullins,whitecarol@example.org,315716,2.4,74,2024-10-01,Credit Card
ENROLL_01131,Rebecca Martinez,baileydelgado@example.org,352774,1.7,21,2025-12-07,Credit Card
ENROLL_01132,Paul Miller,huntermichael@example.net,1196544,4.2,93,2025-02-07,Credit Card
ENROLL_01133,Tony Smith,brandon84@example.net,944804,3.5,83,2025-11-15,PayPal
ENROLL_01134,Kenneth Neal,catherine83@example.net,701570,3.7,27,2024-12-12,Bank Transfer
ENROLL_01135,Amanda Johnson,kevinwall@example.org,611688,2.7,26,2026-01-07,Credit Card
ENROLL_01136,Leslie Ramirez,qjones@example.com,1119920,1.2,44,2025-07-20,PayPal
ENROLL_01137,Carla Bryant,erica28@example.org,1247394,3.6,56,2024-11-20,Bank Transfer
ENROLL_01138,Debra Schultz,jenniferelliott@example.net,981684,1.4,21,2026-06-26,PayPal
ENROLL_01139,Carly Underwood,victoria66@example.org,1064104,1.9,23,2026-01-08,PayPal
ENROLL_01140,Devin Schmidt,ojones@example.org,651352,4.6,60,2025-07-05,PayPal
ENROLL_01141,Paula Thomas,joshuagarcia@example.org,479760,3.2,29,2025-07-18,PayPal
ENROLL_01142,Rachel Martinez,brianna71@example.net,188692,2.6,19,2025-06-24,Credit Card
ENROLL_01143,Sharon Arnold,mosleygeorge@example.com,1010274,3.6,69,2025-02-14,Bank Transfer
ENROLL_01144,Patrick Faulkner,iwoods@example.com,1147664,2.1,81,2024-10-04,Bank Transfer
ENROLL_01145,Michelle Sandoval,nicholasmoss@example.org,824020,3.7,35,2026-09-10,Credit Card
ENROLL_01146,Vanessa Zimmerman,erikabarnes@example.com,1045886,2.6,52,2025-02-16,Credit Card
ENROLL_01147,Hector Harrison,joshua68@example.net,239416,5.0,85,2026-08-12,Credit Card
ENROLL_01148,Crystal Reid,mezarichard@example.com,948294,1.3,20,2026-07-15,PayPal
ENROLL_01149,Bobby Blair,martinbrian@example.net,59014,3.8,49,2025-05-07,Credit Card
ENROLL_01150,Katherine Baxter,urhodes@example.org,535650,1.3,40,2025-10-04,Credit Card
ENROLL_01151,Mr. Michael Patel Jr.,jensenrhonda@example.net,405818,2.8,22,2024-10-02,Credit Card
ENROLL_01152,Michele Brady,virginiaguerrero@example.net,429080,3.8,25,2026-03-12,Credit Card
ENROLL_01153,Lisa Oconnell,gregoryrichardson@example.org,1251786,2.2,32,2025-10-30,Bank Transfer
ENROLL_01154,Anthony Simpson,nathanielwilson@example.net,1239206,2.8,71,2025-04-08,PayPal
ENROLL_01155,Sarah Hodge,kevin44@example.org,145178,2.1,75,2024-09-28,Bank Transfer
ENROLL_01156,Laura Robinson,sarah80@example.com,852426,4.7,94,2026-08-21,Bank Transfer
ENROLL_01157,Katherine Kelly,wmurphy@example.org,711592,3.0,69,2024-10-01,Bank Transfer
ENROLL_01158,Nathan Morales,garciatravis@example.org,42271,1.1,47,2025-11-11,PayPal
ENROLL_01159,Brittany Martinez,xsmith@example.net,600316,2.7,88,2025-04-09,Bank Transfer
ENROLL_01160,James Evans,imcclain@example.com,687248,3.8,15,2024-12-20,PayPal
ENROLL_01161,Mary Gonzales MD,tsmith@example.org,1200530,2.1,76,2024-12-21,PayPal
ENROLL_01162,Andrew Foster,rachel23@example.com,270976,3.7,62,2026-02-25,Bank Transfer
ENROLL_01163,Mrs. Katherine Simpson,markduran@example.com,214328,4.6,29,2025-10-21,Credit Card
ENROLL_01164,Natalie Petersen,danielrodriguez@example.org,932454,2.8,56,2025-01-02,Bank Transfer
ENROLL_01165,Jonathan Saunders,brettgallegos@example.com,1119610,3.2,59,2026-01-03,Credit Card
ENROLL_01166,Jessica Roberts,bmiller@example.org,764534,4.3,42,2026-01-19,Bank Transfer
ENROLL_01167,Jorge Wright,linvirginia@example.org,866460,2.9,62,2026-02-26,PayPal
ENROLL_01168,Christina Mccarthy,hayneswayne@example.org,56926,3.7,97,2025-02-20,Credit Card
ENROLL_01169,Leslie Walters MD,richardhill@example.org,782458,4.9,32,2026-09-18,Bank Transfer
ENROLL_01170,Alan Gonzalez,jamesalicia@example.net,993146,4.2,75,2026-01-31,Credit Card
ENROLL_01171,Courtney Simmons,hicksdawn@example.com,1115126,1.2,90,2024-12-21,PayPal
ENROLL_01172,Douglas Bell,dwright@example.org,502588,3.1,81,2024-10-28,Credit Card
ENROLL_01173,Matthew Morris,thomas91@example.com,364034,2.3,29,2025-02-17,Bank Transfer
ENROLL_01174,John Cook,davisalexander@example.net,444644,3.8,15,2026-05-18,PayPal
ENROLL_01175,Erin Figueroa,julia98@example.net,74016,4.8,79,2025-07-12,PayPal
ENROLL_01176,Donald Silva,eatondavid@example.net,1171720,3.1,14,2026-01-07,PayPal
ENROLL_01177,Kevin Barr,jamesgriffin@example.org,1253868,4.8,17,2024-11-24,Bank Transfer
ENROLL_01178,Lisa Turner,mmayo@example.net,787236,3.6,34,2026-04-09,Credit Card
ENROLL_01179,Carl Barnes,patricia85@example.com,1154754,2.7,48,2025-09-10,Credit Card
ENROLL_01180,Autumn Graham,gbarnes@example.org,1223310,1.9,38,2025-02-03,Bank Transfer
ENROLL_01181,Melissa Anderson,sosabruce@example.net,849632,2.3,93,2025-02-21,PayPal
ENROLL_01182,Jennifer Cohen,martinkaren@example.com,547298,3.6,40,2025-12-07,PayPal
ENROLL_01183,Jennifer Nelson,adamarmstrong@example.net,1217408,2.4,62,2026-03-22,Credit Card
ENROLL_01184,Timothy Hunt,kevin34@example.net,304426,1.7,14,2025-04-23,PayPal
ENROLL_01185,Carolyn Williams,kellybowman@example.com,1181900,1.2,49,2026-09-17,PayPal
ENROLL_01186,Shane Williams,veronicaclark@example.org,535650,2.9,41,2024-09-28,PayPal
ENROLL_01187,Mackenzie Compton,christopher84@example.net,1120410,4.3,37,2025-01-08,PayPal
ENROLL_01188,Logan Nguyen,garrettalex@example.com,975060,2.5,94,2025-03-16,Credit Card
ENROLL_01189,Diana Scott,medinatiffany@example.net,1012262,1.6,44,2024-12-18,PayPal
ENROLL_01190,Melissa Bautista,molly98@example.org,732556,1.0,48,2026-06-23,Credit Card
ENROLL_01191,Frederick Harris,omoore@example.net,961508,2.9,68,2026-04-14,Credit Card
ENROLL_01192,Charles Mendoza,lwhite@example.org,986024,2.6,65,2025-02-20,Credit Card
ENROLL_01193,Terri White,andrew22@example.com,567070,3.2,73,2026-03-14,PayPal
ENROLL_01194,Andrea Jones,spencerbrewer@example.com,270844,1.8,58,2024-12-13,Credit Card
ENROLL_01195,Breanna Christensen,morrisonnicholas@example.org,740764,1.0,71,2024-12-21,PayPal
ENROLL_01196,Pamela Newman,andersonkayla@example.com,411778,2.4,22,2025-01-15,PayPal
ENROLL_01197,Linda Sparks,rosariodaniel@example.net,270844,4.4,94,2026-06-24,Credit Card
ENROLL_01198,Michael Harris,cmalone@example.org,1256136,1.6,57,2025-05-23,Credit Card
ENROLL_01199,Christopher Brown,courtney10@example.org,240256,1.0,30,2024-12-15,Bank Transfer
ENROLL_01200,Ashley Tanner,othomas@example.org,899534,4.3,45,2025-03-22,Credit Card
ENROLL_01201,Charles Rios,sandracohen@example.net,520302,3.3,62,2026-08-14,Bank Transfer
ENROLL_01202,Stephanie Vasquez,walkerstephanie@example.com,535650,2.5,93,2025-07-01,Credit Card
ENROLL_01203,Gene Ward,huangcassandra@example.org,1084454,1.9,60,2025-08-25,Credit Card
ENROLL_01204,Linda Shelton,patriciamcdaniel@example.net,324656,3.7,47,2026-06-24,PayPal
ENROLL_01205,Shawn Nelson,qstanley@example.net,861624,4.4,38,2026-06-09,Credit Card
ENROLL_01206,Aaron Fitzpatrick,kimberlythomas@example.org,538540,3.6,33,2025-07-27,Bank Transfer
ENROLL_01207,Robert Bray,wilsonronald@example.net,913966,3.0,59,2025-05-01,PayPal
ENROLL_01208,Frank Anderson,fgomez@example.com,576646,2.4,21,2025-10-05,PayPal
ENROLL_01209,Jennifer Leon,devon36@example.com,1250934,4.6,76,2025-11-27,PayPal
ENROLL_01210,Joseph Patel PhD,tmiller@example.com,576054,4.8,39,2025-11-10,Credit Card
ENROLL_01211,Melissa Goodman,youngaaron@example.org,708558,2.1,89,2025-07-05,Bank Transfer
ENROLL_01212,Tina Mccall,pruittmichael@example.org,961774,2.2,71,2025-05-13,Bank Transfer
ENROLL_01213,Russell Arnold,osanchez@example.org,403078,3.8,17,2026-04-30,Bank Transfer
ENROLL_01214,Victor Padilla,squinn@example.com,1203894,3.6,14,2025-07-12,Credit Card
ENROLL_01215,Brian Perkins,kmonroe@example.org,907444,3.5,35,2025-01-19,Bank Transfer
ENROLL_01216,Bob Jones,lhernandez@example.com,531360,4.3,100,2026-04-27,PayPal
ENROLL_01217,Joseph Rush,vjenkins@example.com,1170920,3.3,52,2026-05-26,Bank Transfer
ENROLL_01218,Alexis Rodriguez,ibarraantonio@example.org,1219820,1.6,70,2025-10-22,Credit Card
ENROLL_01219,James Henderson,qspencer@example.net,537884,5.0,31,2025-10-21,PayPal
ENROLL_01220,Darren Huynh,teresa86@example.org,974704,1.3,91,2026-04-27,Credit Card
ENROLL_01221,Manuel Robinson,lynndaugherty@example.net,309854,1.0,51,2026-07-12,Credit Card
ENROLL_01222,Michael Woods,kwilcox@example.org,866384,4.0,57,2026-06-12,PayPal
ENROLL_01223,Jeff Nelson,millercarrie@example.com,571730,4.3,46,2024-10-18,Bank Transfer
ENROLL_01224,Christopher Rodriguez,carlaavila@example.com,986272,2.0,54,2025-02-19,Credit Card
ENROLL_01225,Margaret Johnson,christopher99@example.org,866696,4.3,62,2025-12-08,Credit Card
ENROLL_01226,Mrs. Amber Davis,alan54@example.com,1257870,2.0,16,2025-10-20,Credit Card
ENROLL_01227,Paul Swanson,jacquelinedavis@example.com,829182,4.4,45,2026-08-24,PayPal
ENROLL_01228,Ashlee Aguirre,andrewflynn@example.com,1023196,4.2,58,2025-12-26,Bank Transfer
ENROLL_01229,Amanda Martin,omiller@example.org,812588,2.0,80,2026-04-08,Bank Transfer
ENROLL_01230,Daniel Maldonado,kaylamartin@example.net,217628,4.0,64,2025-11-02,Credit Card
ENROLL_01231,Lisa Mills PhD,vfloyd@example.com,390510,2.2,43,2025-07-03,PayPal
ENROLL_01232,Teresa Williams,nallen@example.net,99986,2.6,29,2024-11-24,PayPal
ENROLL_01233,Latasha Gamble,ballarddouglas@example.com,181268,4.5,52,2025-11-25,Credit Card
ENROLL_01234,Rebecca Jacobson,udavis@example.org,872816,3.5,82,2026-09-22,Bank Transfer
ENROLL_01235,Barry Ray,christopher27@example.com,19603,2.9,82,2025-09-29,PayPal
ENROLL_01236,Pamela Ramos,shelbybonilla@example.com,275294,2.6,48,2024-10-27,Bank Transfer
ENROLL_01237,Dustin Ortiz,scotthunt@example.net,673702,4.9,70,2025-05-28,Credit Card
ENROLL_01238,Michael Hunter,natalie09@example.net,987682,4.7,86,2024-11-10,Credit Card
ENROLL_01239,Danielle Nicholson,mooredaniel@example.com,823236,4.2,92,2025-01-27,PayPal
ENROLL_01240,Sarah Walker,wcaldwell@example.com,430962,2.2,40,2025-09-25,Bank Transfer
ENROLL_01241,Stephanie Marshall,whitedaniel@example.com,1030976,4.8,67,2026-05-16,PayPal
ENROLL_01242,James Brown,wendy73@example.net,1246252,1.5,82,2026-04-25,Bank Transfer
ENROLL_01243,Donald Johnson,stacythomas@example.org,64585,1.6,76,2025-06-02,Bank Transfer
ENROLL_01244,Victoria Schroeder,mayermichael@example.com,112296,1.4,84,2025-09-29,Credit Card
ENROLL_01245,Daniel Johnson,onelson@example.org,158444,4.1,36,2024-11-30,Bank Transfer
ENROLL_01246,Donald Miller,hsavage@example.org,1136038,3.7,21,2026-03-01,Credit Card
ENROLL_01247,Cathy Brown,wpeterson@example.com,192870,2.3,53,2025-02-01,Bank Transfer
ENROLL_01248,Tom Olson,tammykim@example.net,514398,3.6,23,2025-12-13,Credit Card
ENROLL_01249,Adam Logan,christiancontreras@example.net,690918,4.1,63,2025-01-17,PayPal
ENROLL_01250,William Mcmillan,alexis72@example.com,1274210,3.0,74,2026-07-30,PayPal
ENROLL_01251,Ricky Craig,abigail07@example.org,1037868,2.4,47,2026-02-01,Bank Transfer
ENROLL_01252,Wayne Davis,julielopez@example.net,1189280,4.1,26,2025-11-25,PayPal
ENROLL_01253,Lindsay Robinson,stephaniebonilla@example.net,772950,2.3,56,2024-10-08,Credit Card
ENROLL_01254,Jack Turner,wayne17@example.net,736250,2.2,40,2025-09-16,Bank Transfer
ENROLL_01255,Guy Clayton,wmills@example.com,388104,1.7,43,2024-12-24,PayPal
ENROLL_01256,Judy Brooks,amyjames@example.net,552504,1.8,49,2026-03-15,PayPal
ENROLL_01257,Madison Park,cowanlinda@example.org,352774,3.2,37,2024-12-05,PayPal
ENROLL_01258,Lisa Jenkins,nbrady@example.net,176432,1.7,90,2024-12-13,PayPal
ENROLL_01259,Kathy Shaffer,melissa33@example.com,58977,2.1,61,2025-11-29,Credit Card
ENROLL_01260,Craig Harrison,belllaura@example.com,424770,3.7,20,2025-08-13,Bank Transfer
ENROLL_01261,Maria Mueller,xsmith@example.org,968026,2.1,14,2025-10-26,Credit Card
ENROLL_01262,Shawn Baker,anunez@example.com,492344,1.1,22,2024-10-22,Credit Card
ENROLL_01263,Christian Brooks,matthew96@example.org,860890,2.4,83,2025-12-02,PayPal
ENROLL_01264,Cheryl Newman,solisbecky@example.org,1185936,2.3,97,2026-09-26,Credit Card
ENROLL_01265,Vanessa Thompson,zachary63@example.org,595258,3.3,77,2026-04-01,PayPal
ENROLL_01266,Kathy Welch,ocameron@example.com,814200,4.6,90,2026-07-09,Bank Transfer
ENROLL_01267,Tiffany Harris,johnsonalexander@example.net,53277,1.9,42,2025-01-23,PayPal
ENROLL_01268,Michael Knapp,armstronganthony@example.net,1115504,1.4,40,2025-01-06,Credit Card
ENROLL_01269,Miss Paula Lopez,kennethnichols@example.org,1243016,3.0,40,2026-04-14,Bank Transfer
ENROLL_01270,Rachel Townsend,hillsavannah@example.net,1016388,4.3,85,2024-10-14,PayPal
ENROLL_01271,Lauren Garcia,hho@example.org,759130,3.2,95,2025-01-15,Bank Transfer
ENROLL_01272,Steven Davis,nkirk@example.com,823996,4.3,21,2024-12-14,PayPal
ENROLL_01273,Alex Jones DVM,clarkrobert@example.com,471440,2.9,21,2026-02-01,Credit Card
ENROLL_01274,Rhonda White,bergerdonna@example.net,955914,2.2,43,2026-01-11,Bank Transfer
ENROLL_01275,Autumn Cooper,timothy99@example.net,476268,3.8,48,2024-09-30,PayPal
ENROLL_01276,Patrick House,catherineherrera@example.net,560218,2.9,74,2025-10-29,PayPal
ENROLL_01277,Cindy Diaz,anthonytaylor@example.org,1243162,4.0,37,2026-04-15,Credit Card
ENROLL_01278,Beth Hill,stephaniebailey@example.net,585752,4.8,12,2026-02-15,PayPal
ENROLL_01279,Patrick Simpson,qnielsen@example.org,320798,2.3,18,2025-02-27,Credit Card
ENROLL_01280,Stacy Campbell,ygarcia@example.net,416738,2.5,57,2025-05-27,PayPal
ENROLL_01281,Daniel Bowen,bandrade@example.net,390472,4.0,61,2026-04-30,Bank Transfer
ENROLL_01282,Fernando Rodriguez,kpatterson@example.com,460056,4.0,82,2025-07-14,Credit Card
ENROLL_01283,Sabrina Cole,rubiojohnny@example.com,1076920,3.6,93,2025-05-12,Bank Transfer
ENROLL_01284,Sherry Clements,raymond12@example.com,899492,1.8,89,2025-08-26,Bank Transfer
ENROLL_01285,Heather Jones,nathan51@example.org,43291,2.4,59,2025-06-01,Bank Transfer
ENROLL_01286,Michelle Lewis,rachel81@example.com,619296,4.2,25,2025-05-05,PayPal
ENROLL_01287,Kelsey Garcia,jennifer19@example.net,591116,1.6,86,2025-08-20,Credit Card
ENROLL_01288,Jessica Li,jameslang@example.com,975982,3.7,92,2024-11-02,Credit Card
ENROLL_01289,Jennifer Martinez MD,brittany39@example.org,537896,1.2,24,2025-05-06,Credit Card
ENROLL_01290,Richard Johnston,buckjustin@example.com,944534,1.2,41,2024-10-25,PayPal
ENROLL_01291,Tamara Williams,jonescody@example.com,869448,1.2,38,2026-04-11,Credit Card
ENROLL_01292,Evan Reed,hawkinslawrence@example.net,634480,3.8,67,2024-11-02,Credit Card
ENROLL_01293,Michael Gibson,cameronsharon@example.org,861742,1.7,97,2024-10-19,PayPal
ENROLL_01294,Roger Taylor,michelle63@example.org,1071060,3.3,84,2024-12-04,PayPal
ENROLL_01295,Steven Wood,villamiranda@example.com,882276,4.5,49,2026-08-14,Bank Transfer
ENROLL_01296,Ashley Valentine,bakerhailey@example.com,113706,4.6,68,2025-04-24,PayPal
ENROLL_01297,Tammy Silva,martinezmichelle@example.net,941520,2.7,53,2026-08-17,Bank Transfer
ENROLL_01298,Stephanie Walsh,boydjohn@example.com,798740,1.8,43,2026-02-22,Bank Transfer
ENROLL_01299,Douglas Barton MD,bakerkenneth@example.org,910624,3.5,36,2025-06-28,Bank Transfer
ENROLL_01300,Shelley Keller,heatherjones@example.com,742096,1.6,69,2024-11-12,PayPal
ENROLL_01301,Michael Mcdonald,glopez@example.com,941120,2.9,79,2025-03-08,Bank Transfer
ENROLL_01302,Pam Palmer,kathleen47@example.net,185500,2.8,60,2025-01-24,Credit Card
ENROLL_01303,Ashley Anderson,paul79@example.net,472592,2.1,51,2025-03-03,Credit Card
ENROLL_01304,Chelsea Ramirez,ginalynn@example.net,978576,3.0,25,2026-02-12,PayPal
ENROLL_01305,Joel Rodriguez,allenpatricia@example.org,973932,2.2,11,2025-04-22,PayPal
ENROLL_01306,Matthew Chavez,david81@example.com,1211198,4.6,56,2025-08-28,PayPal
ENROLL_01307,James Jordan,brian45@example.org,709536,4.3,30,2024-11-04,Bank Transfer
ENROLL_01308,Monique Henderson,jaime29@example.com,510784,1.0,47,2025-11-12,Bank Transfer
ENROLL_01309,Kelly Rodriguez,lucassusan@example.org,106156,4.8,87,2024-12-25,Bank Transfer
ENROLL_01310,Andrew Adams,pateljoshua@example.net,364428,2.4,44,2026-03-24,Bank Transfer
ENROLL_01311,Jenna Garcia,tyler23@example.com,222062,4.6,64,2026-02-03,Credit Card
ENROLL_01312,Kyle Gross,lopezrebecca@example.net,877124,2.4,56,2025-10-02,PayPal
ENROLL_01313,Sarah Watts,lesliejones@example.org,642060,4.6,53,2025-06-11,PayPal
ENROLL_01314,Brenda Smith,bpatterson@example.org,873386,4.4,46,2025-04-19,Bank Transfer
ENROLL_01315,Carolyn Wolf,wheelertara@example.net,348920,3.1,31,2024-09-27,Bank Transfer
ENROLL_01316,David Rodriguez PhD,mary88@example.org,355622,3.3,38,2026-05-06,Credit Card
ENROLL_01317,Brandon Torres,shaun58@example.com,538560,2.3,37,2026-02-24,PayPal
ENROLL_01318,Mr. Adam Gomez,patricia97@example.org,1265814,1.8,40,2025-04-24,Credit Card
ENROLL_01319,Monica Smith,qchase@example.org,978462,5.0,20,2025-07-01,Credit Card
ENROLL_01320,Mr. Patrick Mcpherson MD,leestephanie@example.net,1226518,4.3,43,2024-12-19,Credit Card
ENROLL_01321,Sherry Shelton,harcher@example.org,133968,2.5,80,2025-04-21,Bank Transfer
ENROLL_01322,Hannah Rivera,rlandry@example.com,837950,3.7,100,2025-02-22,Bank Transfer
ENROLL_01323,Joseph Cooper,hamiltonspencer@example.com,429952,4.8,79,2025-05-09,Credit Card
ENROLL_01324,Adam Ho,stevenhernandez@example.com,847808,1.1,11,2026-01-24,Bank Transfer
ENROLL_01325,Carla Tucker,marshalexis@example.org,258886,3.0,24,2025-03-14,Bank Transfer
ENROLL_01326,Kevin Brown,adam50@example.org,725906,4.6,95,2025-04-10,PayPal
ENROLL_01327,Shawn Glover,stephaniereeves@example.org,238934,2.8,22,2026-04-19,Bank Transfer
ENROLL_01328,Kevin Miller,antoniofitzpatrick@example.org,877124,1.1,90,2026-06-19,Credit Card
ENROLL_01329,Jasmine Ross,orozcosamantha@example.net,971962,3.2,26,2025-05-26,Credit Card
ENROLL_01330,Jeffrey Liu,feliciagonzalez@example.org,184780,1.5,30,2025-08-16,Bank Transfer
ENROLL_01331,Elizabeth Miller,ygardner@example.com,497236,2.8,66,2024-12-10,Bank Transfer
ENROLL_01332,Jeremy Edwards,taylor67@example.com,1039596,4.9,11,2025-08-11,Credit Card
ENROLL_01333,Thomas Johnson,idavis@example.net,812616,4.2,16,2026-09-01,PayPal
ENROLL_01334,David Hunt,christineyoder@example.com,625204,3.5,10,2024-11-07,Credit Card
ENROLL_01335,Jenna Powell,fordkathryn@example.net,560472,3.7,90,2025-09-19,Credit Card
ENROLL_01336,Angela Nelson,cookconnor@example.com,1151092,4.6,91,2025-12-10,Bank Transfer
ENROLL_01337,Mr. Antonio Yang,mileszachary@example.net,302562,3.9,32,2026-04-25,Credit Card
ENROLL_01338,Brandy Jacobson,kevincollins@example.org,191588,3.4,16,2026-06-14,Bank Transfer
ENROLL_01339,Mr. Brian Smith,meyerjohn@example.org,482534,4.0,97,2025-09-29,Bank Transfer
ENROLL_01340,Jonathan Myers,evanstimothy@example.org,814848,3.2,54,2026-06-26,Bank Transfer
ENROLL_01341,Ryan Green,nvillarreal@example.org,996888,3.0,18,2025-08-28,Credit Card
ENROLL_01342,Alex Thomas,georgeharmon@example.net,229360,2.1,65,2025-03-01,Bank Transfer
ENROLL_01343,Dylan Contreras,rrichardson@example.com,1167710,3.7,69,2025-07-23,PayPal
ENROLL_01344,Ashley Butler,shernandez@example.com,582636,3.4,24,2024-12-29,PayPal
ENROLL_01345,Alexandra Turner,wwilliams@example.org,993148,4.8,40,2025-09-25,Credit Card
ENROLL_01346,Judy Smith,michaelfoley@example.net,98706,2.7,79,2025-03-09,PayPal
ENROLL_01347,Michael Myers,thompsonedward@example.net,1177670,2.1,47,2026-04-08,Credit Card
ENROLL_01348,Julia Trevino,joshuafarmer@example.com,933818,1.8,49,2026-09-14,Bank Transfer
ENROLL_01349,Thomas Brewer,mestes@example.net,849632,3.2,56,2025-02-14,PayPal
ENROLL_01350,Tammy Rowe,david59@example.net,719698,1.3,29,2025-06-24,Bank Transfer
ENROLL_01351,Sandra Jones,christianerik@example.org,1007396,3.3,30,2026-02-25,PayPal
ENROLL_01352,Timothy Alvarez,tinastokes@example.net,217320,3.2,86,2026-06-06,PayPal
ENROLL_01353,Steven Thompson,acampos@example.org,826366,1.0,54,2024-11-14,Credit Card
ENROLL_01354,Ashley Bradford,alexandernicholas@example.net,947116,3.4,40,2026-07-11,Bank Transfer
ENROLL_01355,Christopher Rodriguez,ogray@example.net,769314,2.0,40,2025-12-03,PayPal
ENROLL_01356,David Kim,jeremiah26@example.net,517466,2.8,24,2026-06-17,Credit Card
ENROLL_01357,Angelica Johnson,harrislisa@example.org,549064,1.9,55,2025-07-03,Credit Card
ENROLL_01358,Laura Lin,jacob87@example.org,176136,3.6,37,2026-07-05,Credit Card
ENROLL_01359,Ronald Mason,christine82@example.org,298558,2.6,96,2025-09-02,Credit Card
ENROLL_01360,James Jones,martinezzachary@example.org,324226,4.9,30,2024-12-27,PayPal
ENROLL_01361,Mr. Joshua Johnson PhD,sandra46@example.net,589900,5.0,88,2025-07-01,Bank Transfer
ENROLL_01362,Seth Donaldson,fergusonjohn@example.net,978852,2.6,81,2026-09-20,PayPal
ENROLL_01363,Emily Montgomery,aguilarsharon@example.com,813142,4.9,34,2026-02-16,Credit Card
ENROLL_01364,George Green,pamela02@example.org,897314,4.7,75,2025-11-25,Bank Transfer
ENROLL_01365,Erin Todd,youngcharles@example.net,773824,1.5,96,2026-08-30,Bank Transfer
ENROLL_01366,Sandy Aguirre,tina69@example.net,834600,1.0,95,2026-01-15,Credit Card
ENROLL_01367,Stacy Mendoza,josephwilliams@example.org,151956,4.8,62,2025-10-17,Credit Card
ENROLL_01368,Marie Reynolds,kimberly30@example.org,333046,2.8,66,2024-10-17,Bank Transfer
ENROLL_01369,Roberta Ferguson,vfleming@example.org,537888,1.6,51,2025-11-30,Bank Transfer
ENROLL_01370,Mr. James Martinez,hdunn@example.com,902476,4.0,61,2024-12-27,Credit Card
ENROLL_01371,Vickie Richardson,matthewhull@example.org,570844,3.3,67,2025-03-26,Credit Card
ENROLL_01372,Adam Gutierrez,ritteralexis@example.net,948974,4.2,91,2025-04-09,PayPal
ENROLL_01373,Angela Martinez,justinedwards@example.net,1097288,3.6,30,2026-02-17,Bank Transfer
ENROLL_01374,Yolanda Anderson,hmendoza@example.net,139794,3.0,61,2024-11-25,Bank Transfer
ENROLL_01375,Todd Harris,priscilla37@example.net,188498,2.2,57,2025-05-20,Bank Transfer
ENROLL_01376,Penny Carter,alisonadams@example.net,1254852,2.0,80,2025-11-21,PayPal
ENROLL_01377,Amy Mccullough,nramirez@example.org,1003250,4.7,46,2026-07-12,PayPal
ENROLL_01378,Crystal Harmon,davidhardy@example.org,498360,1.6,84,2024-10-24,PayPal
ENROLL_01379,Melissa Santos,bbenton@example.com,298522,2.2,84,2026-07-08,Bank Transfer
ENROLL_01380,Donald Cruz,brownmelissa@example.com,695656,1.3,44,2025-10-16,Credit Card
ENROLL_01381,James Wallace,jamielopez@example.com,615226,2.8,35,2025-11-14,Bank Transfer
ENROLL_01382,Eric Weaver,sharon95@example.com,546832,2.9,59,2026-06-18,Bank Transfer
ENROLL_01383,Claire Johnson,yglenn@example.net,1111630,2.8,23,2026-09-18,Bank Transfer
ENROLL_01384,Amy Rodriguez,rfarley@example.com,783158,3.6,59,2026-07-25,Credit Card
ENROLL_01385,Kimberly Coleman DDS,francisco67@example.net,637176,2.2,96,2026-09-15,Bank Transfer
ENROLL_01386,Terry Campbell,christopher38@example.com,771044,4.8,66,2025-06-16,Credit Card
ENROLL_01387,Amanda Hill,donna90@example.org,1027678,3.3,83,2025-05-23,Bank Transfer
ENROLL_01388,Erica Baker,scottsmith@example.org,796450,3.8,90,2025-09-24,PayPal
ENROLL_01389,Ian Little,rickyriley@example.org,188604,2.6,54,2025-04-29,Bank Transfer
ENROLL_01390,Kristen Ashley,xwhite@example.com,364616,3.1,85,2025-04-16,Credit Card
ENROLL_01391,Bethany Mccoy,monicadouglas@example.org,882276,1.5,23,2024-12-24,PayPal
ENROLL_01392,Cathy Hunter,criley@example.net,481696,4.4,21,2026-04-07,Credit Card
ENROLL_01393,Trevor Braun,allen58@example.net,219756,2.6,40,2024-10-31,Credit Card
ENROLL_01394,Hannah Jones,ewilson@example.org,759130,3.6,22,2025-03-04,Credit Card
ENROLL_01395,Jacob Carson,bjones@example.com,81064,1.9,97,2025-01-16,Credit Card
ENROLL_01396,Lawrence Ward,xmerritt@example.com,882128,3.8,88,2025-05-13,Credit Card
ENROLL_01397,Caitlin Williams,rhondajohnson@example.net,1161864,4.0,33,2025-03-10,Credit Card
ENROLL_01398,Kayla Norman,shelby69@example.org,1029322,3.2,52,2026-02-19,Bank Transfer
ENROLL_01399,Jane Cuevas,friedmansusan@example.org,977470,2.1,51,2025-12-10,Credit Card
ENROLL_01400,Laura Kelley,hryan@example.net,696630,3.1,28,2026-06-08,Bank Transfer
ENROLL_01401,John Warren,mstewart@example.net,32908,3.4,90,2025-05-12,PayPal
ENROLL_01402,Erin Lloyd,jerry51@example.net,648492,4.7,50,2025-04-02,PayPal
ENROLL_01403,Tyler Ortiz,bellwilliam@example.com,574974,1.3,82,2026-02-16,PayPal
ENROLL_01404,Mr. Richard Hall,sarasanchez@example.com,859742,4.1,41,2026-03-04,Credit Card
ENROLL_01405,Brenda Green,matthew11@example.com,617976,4.1,91,2025-08-20,Bank Transfer
ENROLL_01406,Brittany Snyder,rachelwalter@example.org,803058,2.4,79,2025-02-03,Credit Card
ENROLL_01407,Dennis Spencer,inewton@example.org,395652,2.9,59,2026-07-06,Bank Transfer
ENROLL_01408,Michael Fritz,zacharymoreno@example.com,1100054,3.7,22,2026-08-30,PayPal
ENROLL_01409,Cameron Terry,jenniferwilson@example.com,524248,4.1,70,2025-12-30,Bank Transfer
ENROLL_01410,Ashley Bowen,rodgersmichael@example.com,447136,3.5,89,2026-09-04,PayPal
ENROLL_01411,Jerry Davenport,katherine22@example.net,286898,4.6,22,2026-05-14,Bank Transfer
ENROLL_01412,Samantha Hicks,paulawatkins@example.com,309820,2.0,49,2026-03-04,Bank Transfer
ENROLL_01413,Jamie Gonzales,shirley13@example.com,482924,4.9,20,2025-10-15,PayPal
ENROLL_01414,Justin Merritt,ymitchell@example.com,1107954,1.8,29,2026-05-08,PayPal
ENROLL_01415,Charles Cervantes,russellramirez@example.net,787204,2.9,56,2025-05-29,Credit Card
ENROLL_01416,Dustin Wilson,tommy32@example.com,830834,1.3,26,2026-09-26,PayPal
ENROLL_01417,Virginia Molina,elizabeththomas@example.org,988678,3.1,47,2025-11-29,PayPal
ENROLL_01418,Nicole Johnson,moyeramber@example.org,1204590,1.5,90,2024-10-02,Credit Card
ENROLL_01419,Rodney Wood IV,hdennis@example.org,547298,1.2,61,2026-07-04,Credit Card
ENROLL_01420,Thomas Moran,wallaceryan@example.com,324656,3.9,32,2024-12-03,Credit Card
ENROLL_01421,Wendy Dennis,schmittlinda@example.net,1036338,2.3,37,2026-06-05,Credit Card
ENROLL_01422,Benjamin Moore,joshua81@example.net,966522,1.2,99,2026-03-15,Credit Card
ENROLL_01423,Tim Hamilton,james80@example.net,828596,4.8,96,2026-01-27,Bank Transfer
ENROLL_01424,Chad Bennett,emilybaker@example.org,911474,3.9,33,2025-10-08,PayPal
ENROLL_01425,Morgan Campbell,cynthiadavis@example.net,731150,4.6,19,2026-07-24,Credit Card
ENROLL_01426,Cindy Hamilton,ngrant@example.net,804298,2.2,99,2025-02-12,Bank Transfer
ENROLL_01427,Michael Austin,danawashington@example.net,766320,1.3,83,2025-02-13,Credit Card
ENROLL_01428,Sara Golden,ohenry@example.com,1163644,1.1,92,2026-01-04,PayPal
ENROLL_01429,John Davis,mccartypenny@example.com,356060,4.8,98,2025-08-18,Bank Transfer
ENROLL_01430,Erika Bates,thompsonstephanie@example.net,640426,4.4,23,2024-12-24,Bank Transfer
ENROLL_01431,James Anderson,flarsen@example.net,551910,2.7,84,2025-08-13,Bank Transfer
ENROLL_01432,Alyssa Adams,pamelapatton@example.org,882276,4.7,64,2025-12-07,Credit Card
ENROLL_01433,Deborah Stewart,blamb@example.com,897162,1.1,96,2025-04-17,Bank Transfer
ENROLL_01434,Debra Chandler,daisy04@example.com,782192,4.2,10,2025-08-11,PayPal
ENROLL_01435,Shawn Herrera,gouldchristina@example.com,298558,3.3,74,2025-01-05,Credit Card
ENROLL_01436,Alicia Bowen,tdavis@example.com,185538,3.6,57,2026-09-05,PayPal
ENROLL_01437,Ralph Brown,stonemichael@example.org,713492,2.3,52,2025-01-26,Credit Card
ENROLL_01438,Jennifer Robbins,laurie55@example.com,189160,2.2,10,2025-03-13,Credit Card
ENROLL_01439,Danielle Smith,fischeralisha@example.net,1193538,2.1,44,2025-08-02,Bank Transfer
ENROLL_01440,Amanda Campbell,hallkelsey@example.org,164102,4.3,48,2024-10-23,PayPal
ENROLL_01441,Caleb Bowers,vanderson@example.com,212376,3.1,51,2026-07-28,PayPal
ENROLL_01442,Benjamin Bowen,vsmith@example.net,907716,4.9,72,2026-01-09,PayPal
ENROLL_01443,Anna Chapman,mlee@example.com,73860,2.4,25,2026-05-29,Bank Transfer
ENROLL_01444,Jose Johnson,stephen14@example.net,169144,4.6,62,2025-12-18,PayPal
ENROLL_01445,Eddie Davis,ehoffman@example.com,1015274,3.3,20,2026-09-02,PayPal
ENROLL_01446,Katie Reyes,xluna@example.net,223884,5.0,43,2026-04-05,PayPal
ENROLL_01447,Danny Hester,cwise@example.com,1035940,3.5,68,2025-10-02,PayPal
ENROLL_01448,Maria Cook,davisgary@example.com,1037666,2.6,86,2025-12-31,Bank Transfer
ENROLL_01449,Charles Jensen,kmills@example.org,645714,4.3,58,2024-11-11,PayPal
ENROLL_01450,Darlene Collins,mary05@example.net,995384,1.4,90,2025-12-10,Bank Transfer
ENROLL_01451,Shelby Adams,karinorton@example.net,705890,4.5,54,2025-10-20,Bank Transfer
ENROLL_01452,Matthew Morris,vrobertson@example.net,118836,3.8,15,2024-11-29,Bank Transfer
ENROLL_01453,Jessica Jones,katherinemartin@example.net,834114,2.2,43,2024-12-30,Credit Card
ENROLL_01454,Jeffrey Stanton,mccluretyler@example.net,619786,4.2,92,2026-06-12,Credit Card
ENROLL_01455,Brenda Sawyer,sross@example.org,1143414,3.3,83,2025-08-31,Credit Card
ENROLL_01456,Michelle Beard MD,christina59@example.net,553582,4.2,86,2025-02-02,Credit Card
ENROLL_01457,Joseph Harris,april47@example.com,466632,2.7,43,2025-03-09,Bank Transfer
ENROLL_01458,Tammy Cortez,frankespinoza@example.com,1068902,4.0,24,2024-10-04,Bank Transfer
ENROLL_01459,Christopher Ruiz,collinsjacob@example.net,907386,1.1,96,2024-12-08,PayPal
ENROLL_01460,Erin Brown,ewheeler@example.com,402508,3.1,93,2026-02-03,Credit Card
ENROLL_01461,Courtney Fuller,joshuahoover@example.com,1191750,1.4,32,2025-12-24,PayPal
ENROLL_01462,Holly Wang,ann31@example.net,1249378,1.5,70,2025-01-23,PayPal
ENROLL_01463,Daniel White,martinezalexa@example.net,1191088,2.3,37,2026-05-15,Credit Card
ENROLL_01464,Kenneth Castaneda,tammy97@example.org,615226,3.7,73,2025-02-04,Bank Transfer
ENROLL_01465,David Robinson,douglasalvarez@example.org,813360,2.9,25,2025-06-05,Credit Card
ENROLL_01466,Wayne Taylor,ecoleman@example.com,513212,2.5,39,2025-05-20,PayPal
ENROLL_01467,Autumn Castro,tschroeder@example.com,388712,1.1,14,2025-06-29,Bank Transfer
ENROLL_01468,Joseph Schmidt,stephaniedougherty@example.com,1189288,4.8,52,2026-04-02,Bank Transfer
ENROLL_01469,Jeffrey Alexander,gina86@example.net,31150,2.7,26,2025-06-24,Bank Transfer
ENROLL_01470,Sean Wyatt,jessica39@example.net,648118,1.7,43,2026-08-08,Bank Transfer
ENROLL_01471,Dr. Janet White PhD,gonzalezmichael@example.org,1144726,4.9,15,2024-10-01,PayPal
ENROLL_01472,Erin Bartlett,wesley09@example.com,265960,2.8,79,2024-10-23,Credit Card
ENROLL_01473,Maria Sanders,joshua09@example.org,139790,4.7,33,2026-07-29,Bank Transfer
ENROLL_01474,Kaitlin Lawson,ehenry@example.net,812370,1.6,82,2026-08-07,Credit Card
ENROLL_01475,Kimberly Garcia,anthony22@example.org,657130,2.0,85,2024-11-30,PayPal
ENROLL_01476,Ryan Brown,edwardsmichaela@example.com,897162,4.5,36,2026-07-21,PayPal
ENROLL_01477,Lucas Smith,rachael29@example.net,1055322,2.1,30,2025-07-08,Bank Transfer
ENROLL_01478,Teresa Powell,brownmandy@example.net,1214670,3.9,20,2025-01-19,Credit Card
ENROLL_01479,Angela Ramos,charlotte86@example.org,160322,4.7,51,2026-02-02,PayPal
ENROLL_01480,Sara Smith,ann15@example.com,782430,3.4,12,2025-12-12,PayPal
ENROLL_01481,Angelica Conrad,wilsonchristopher@example.net,974704,3.8,71,2024-12-03,PayPal
ENROLL_01482,Kevin Sheppard,kristinarobinson@example.com,288110,4.6,95,2025-09-19,Bank Transfer
ENROLL_01483,Nathaniel Wright,julierojas@example.com,1261122,5.0,26,2024-11-07,PayPal
ENROLL_01484,Dustin Ramirez,robert34@example.org,695656,3.6,93,2025-02-11,Bank Transfer
ENROLL_01485,Deanna Gonzales,burnsbeth@example.com,504036,1.8,72,2026-05-19,Credit Card
ENROLL_01486,Joanna Welch,benjamindavenport@example.com,1224186,2.3,31,2025-01-25,Bank Transfer
ENROLL_01487,Christine Park,debbie43@example.com,552058,3.8,66,2026-03-24,PayPal
ENROLL_01488,Kristen Paul,christopher34@example.org,1134842,1.5,96,2025-09-25,Bank Transfer
ENROLL_01489,Thomas Holmes,thomasmcdonald@example.com,269006,1.8,96,2025-07-13,PayPal
ENROLL_01490,Mary Valenzuela,jacqueline50@example.org,1121650,3.9,12,2025-08-20,PayPal
ENROLL_01491,George Leach,robintorres@example.com,881210,3.8,64,2025-11-25,Credit Card
ENROLL_01492,Alex Lamb,swatkins@example.com,490392,2.3,49,2026-04-17,PayPal
ENROLL_01493,Roy King,carolyn76@example.com,199450,1.7,54,2024-10-28,Bank Transfer
ENROLL_01494,Sherry Hines,fisherkim@example.net,513528,2.2,69,2025-08-04,Credit Card
ENROLL_01495,Carly Jackson,olivia83@example.net,1244302,2.3,82,2026-05-03,Bank Transfer
ENROLL_01496,Matthew Kramer,wallerkyle@example.org,1170074,1.5,36,2026-06-11,Bank Transfer
ENROLL_01497,James Murray,jamesjackson@example.com,936884,1.6,51,2024-11-28,PayPal
ENROLL_01498,Scott Kim,ericpeters@example.com,1245392,3.7,47,2024-09-30,Credit Card
ENROLL_01499,Gregory Ruiz,ehale@example.net,760698,4.1,26,2025-07-16,Credit Card
ENROLL_01500,Michelle Hines,hugheslucas@example.org,856526,4.3,93,2025-08-03,PayPal
