enrollment_id,student_name,student_email,course_id,rating_score,completion_rate,enrollment_date,payment_method
ID349800,Janice Vaughn,laura72@example.net,652438,4.5,35,2004-11-16,Bank Transfer
ID564565,John Jenkins,yvonne12@example.org,420652,2.6,16,2006-11-02,Paypal
ID323357,Philip Harris,gonzalezbonnie@example.com,149716,3.8,73,2018-05-03,Credit card
ID144889,Brittany Taylor,ygonzalez@example.com,720144,3.9,81,1982-11-01,Credit card
ID953788,Linda Roman,williampham@example.com,1008054,4.1,92,1970-09-30,Bank Transfer
ID838060,Bryce Carroll,johnstonalicia@example.com,611370,2.4,99,1988-03-23,Bank Transfer
ID141318,Jason Robinson,stevenjefferson@example.org,433084,2.0,68,2021-12-25,Bank Transfer
ID152858,Charles Garcia,fmcgee@example.net,1085646,1.6,38,2011-08-27,Paypal
ID785383,Grace Hoffman,arthur24@example.net,527952,2.2,24,2022-02-03,Credit card
ID874840,Patricia Morris,martinjennifer@example.net,769518,2.3,93,2013-05-03,Bank Transfer
ID756495,Alexander Pace,charles90@example.net,1062092,3.4,52,2024-12-21,Credit card
ID390589,Randy Santos,gfleming@example.net,537282,4.2,81,1974-06-15,Paypal
ID283048,Elizabeth Morris PhD,acarrillo@example.org,882276,2.1,87,2010-01-10,Credit card
ID868702,Stephen Lewis,thompsonheather@example.org,1021594,4.0,52,1985-07-07,Credit card
ID709934,Miss Cheryl Baker,mejiaaaron@example.com,382204,3.1,42,1993-07-27,Credit card
ID561793,Michael Avery,rose89@example.net,1005312,3.6,65,1980-01-19,Credit card
ID122408,Kathryn Lopez,charles04@example.org,80844,3.6,97,1983-12-22,Bank Transfer
ID686008,Joshua Henson,michael29@example.net,699618,2.4,95,1985-03-07,Credit card
ID378932,Michelle Stanley,theresasmith@example.net,1105636,2.8,89,1980-08-08,Bank Transfer
ID128049,Jennifer Little,gshannon@example.com,782256,2.3,62,1983-12-27,Bank Transfer
ID978732,Luke Johnson,megan62@example.net,1146368,4.4,86,2016-12-09,Credit card
ID403711,Kimberly Jones,steventhompson@example.net,1255114,1.2,79,2020-09-09,Credit card
ID765274,Grant Martinez,mary31@example.com,861764,1.0,45,2000-02-16,Bank Transfer
ID413779,Matthew Becker,faithdavis@example.org,378464,1.9,96,1986-05-20,Bank Transfer
ID574701,Robert Smith,jamesmills@example.org,313512,3.3,98,2010-12-26,Bank Transfer
ID488148,Angela Joyce,abbottbrittany@example.com,390866,2.0,89,2009-10-28,Bank Transfer
ID945194,Patrick Webb,jbecker@example.net,1230950,1.7,31,2025-01-02,Paypal
ID253619,Brian Moore,ronald01@example.org,935014,1.2,43,1974-02-16,Credit card
ID976625,Jennifer Montgomery,justin62@example.org,1273896,3.9,2,2016-11-07,Credit card
ID727952,Stephanie Smith,hrichardson@example.org,1009802,1.5,21,1970-12-25,Credit card
ID174501,Vanessa Duncan,rodonnell@example.com,855816,4.1,6,1991-03-23,Credit card
ID588936,Robert Olsen,chad68@example.net,791422,1.0,15,1974-09-28,Paypal
ID142414,Karen Chang,mary58@example.org,11174,4.0,42,1990-05-09,Paypal
ID813007,Jason Wood,benjaminkim@example.org,1015308,3.7,77,2003-06-13,Credit card
ID779648,Sarah Sullivan,fturner@example.com,1016650,2.3,43,2018-07-24,Credit card
ID917972,John Martinez,katherinelester@example.net,671578,3.5,96,1990-11-29,Credit card
ID901075,John White,udaniels@example.net,602218,4.7,80,2014-06-21,Paypal
ID618775,Jason Tyler,dwilliams@example.net,481002,4.8,9,2026-01-30,Credit card
ID743322,Justin Allison,cynthia87@example.org,383204,3.3,28,2012-11-10,Paypal
ID375173,Stephanie Daniels,torresmichael@example.com,988982,1.7,91,2010-11-06,Bank Transfer
ID585762,Gregory Cunningham,gjohnson@example.net,743970,2.2,38,1990-10-02,Bank Transfer
ID397119,Cheryl Peters,jconway@example.org,435626,4.4,29,2000-12-24,Paypal
ID784006,Stephanie Smith,sarahshelton@example.net,365292,4.4,6,2019-01-29,Bank Transfer
ID780338,Jessica Holland,brianhahn@example.net,56970,1.8,71,2024-03-25,Credit card
ID923040,Rebecca Knight,elaineallen@example.net,1031696,1.7,43,1970-10-19,Paypal
ID360538,Amy Joseph,brandybauer@example.com,45136,1.7,77,2022-07-03,Bank Transfer
ID521002,Ashley Turner,eddie51@example.org,373716,3.4,66,1991-01-26,Credit card
ID165124,Walter Mcfarland,shannon54@example.net,261148,1.5,83,2023-08-20,Bank Transfer
ID567429,Jeffrey Padilla,youngjessica@example.net,773144,2.5,11,1992-08-04,Credit card
ID956267,Michael Novak,dickersonjohn@example.net,621014,5.0,30,1973-10-20,Paypal
ID453275,Nicole Guerrero,matthew94@example.net,128950,4.7,99,1997-04-27,Paypal
ID783619,Heather French,lboone@example.org,16151,3.2,56,1985-10-30,Paypal
ID625538,Andrea Berg,sherry57@example.net,1265814,2.7,42,2004-01-22,Paypal
ID284570,Jennifer Lowe,pricemichael@example.com,720814,2.3,98,2020-12-24,Paypal
ID960385,Samantha Stokes,justincarter@example.com,476256,4.2,47,1979-06-11,Credit card
ID497918,Brandon Garza,johnsonmatthew@example.com,1272282,3.7,85,1973-06-27,Paypal
ID948847,Joel Brown,hdecker@example.com,997750,4.8,77,2002-01-31,Credit card
ID665773,Kelly Wright,lewiskaren@example.com,899492,2.3,52,2022-10-22,Bank Transfer
ID749458,Sheila Calhoun,adamsjessica@example.net,772618,2.5,62,2016-08-16,Credit card
ID355821,Brian Macdonald,pbean@example.net,628786,4.0,26,2004-05-27,Paypal
ID828730,David Stout,pammorgan@example.net,831640,3.7,29,1995-06-06,Bank Transfer
ID855756,Matthew Murray,ghanson@example.net,283780,2.8,41,1981-01-07,Bank Transfer
ID839691,Mrs. Haley Smith DDS,joneserin@example.net,1197206,4.9,6,1992-11-15,Credit card
ID842445,Matthew Frank,nicole89@example.org,428220,4.5,80,2015-11-04,Credit card
ID261967,Gary Hernandez,danielortiz@example.net,1020722,3.7,78,1986-05-08,Paypal
ID865850,Ryan Martinez,nicholas24@example.net,1216554,1.7,91,1991-04-22,Bank Transfer
ID277784,Brian Poole,ulee@example.com,447210,4.8,85,1975-02-09,Credit card
ID918012,Melissa Mueller,melvinallison@example.net,935900,1.1,20,1993-07-08,Paypal
ID118604,Donald Sanchez,beckbarbara@example.org,1195742,4.4,65,2022-01-12,Paypal
ID674024,Johnny Evans,thomaswallace@example.net,576054,1.4,21,1987-01-27,Paypal
ID859056,Jonathan Sanchez,justinsimpson@example.net,577796,4.5,60,2025-01-02,Credit card
ID170636,Alec Page,martinsantiago@example.com,673750,3.8,69,2025-04-23,Credit card
ID270413,Bradley Moyer,ydiaz@example.net,390096,3.1,9,2007-05-12,Paypal
ID652965,Lisa Flores,michaelwolf@example.net,65596,2.1,3,2026-05-30,Credit card
ID836226,Zachary Pittman,john78@example.net,944534,3.2,60,1982-07-16,Credit card
ID185880,Frank Martinez,mary66@example.net,1035923,3.4,4,2010-10-21,Bank Transfer
ID578435,Angela Pacheco,smithanthony@example.org,634480,3.3,4,1971-10-03,Credit card
ID231976,Kyle Pollard,amandasmith@example.org,679238,3.3,87,1995-03-31,Paypal
ID465409,Mr. Charles Lopez,hernandezellen@example.net,711210,1.5,80,1990-05-07,Bank Transfer
ID316485,Brett Carter,devonhaley@example.com,482534,1.0,41,2009-10-02,Credit card
ID609811,Krista Roach,joneskaren@example.org,467238,2.3,12,1985-11-11,Paypal
ID864519,Paula Howell,thompsondavid@example.net,469848,3.0,1,2013-08-01,Bank Transfer
ID873612,Daniel Walter,greenphilip@example.net,846962,2.9,8,2003-03-21,Paypal
ID897150,Tiffany Garcia,kaylaeaton@example.org,934570,2.4,31,2017-01-13,Paypal
ID513402,Charles Savage,roachrobert@example.net,1262470,3.9,4,2016-11-17,Bank Transfer
ID374328,Karen Wilson,donna77@example.org,835082,2.4,93,2008-07-20,Bank Transfer
ID987977,Latoya Potter,ashleyhoffman@example.org,1113702,3.6,7,2022-08-16,Paypal
ID678002,Karen Anderson,lvillanueva@example.org,982860,1.5,2,2013-10-06,Paypal
ID802580,Gary Williamson,beckeranthony@example.org,806642,4.4,72,1995-01-26,Credit card
ID734752,Paul Tyler,wadetiffany@example.org,431562,4.9,53,2023-08-19,Paypal
ID303732,Melanie Fisher,kmorales@example.org,1064904,1.4,6,2002-08-10,Paypal
ID905717,Anne Evans,veronicawright@example.com,909970,4.6,88,1972-05-12,Bank Transfer
ID887398,Nancy Hernandez,fnorman@example.org,1112844,1.5,27,1995-08-21,Credit card
ID942686,Timothy Johnson,rmiller@example.net,975626,4.6,88,2014-03-29,Paypal
ID761654,Rachel Byrd,smithcarlos@example.org,1262470,2.7,41,1981-09-17,Bank Transfer
ID419204,Jessica Scott,brownamy@example.org,658764,3.2,90,2008-12-27,Bank Transfer
ID970017,Christine Dixon,garcialaura@example.net,584468,3.6,98,2011-03-25,Paypal
ID777076,Eric Ross,alexanderanderson@example.com,1258666,2.5,25,1972-07-19,Paypal
ID405626,Elizabeth Murphy,yjohnson@example.net,743884,3.0,66,1976-02-07,Paypal
ID439811,Ashley Duncan,brian52@example.net,65330,3.8,13,1997-07-09,Credit card
ID118589,Amber Parker,bestrada@example.net,855816,4.2,9,1972-07-21,Paypal
ID269588,Mr. Jacob Pittman,morrowglenn@example.org,1051672,1.0,79,1987-06-14,Credit card
ID893883,James Tran,danamartinez@example.org,370752,3.8,90,2014-01-14,Paypal
ID712215,Emily Davis,sarahmckinney@example.org,197828,1.7,18,1988-12-28,Paypal
ID836997,Larry Flores,richard48@example.com,777444,3.8,58,1976-02-11,Credit card
ID377478,Traci Douglas,lcampbell@example.com,1227322,2.3,70,2009-11-30,Credit card
ID882355,Stephen Petersen,gclark@example.net,970874,2.5,20,1973-08-18,Bank Transfer
ID949589,Harold Lara,lisapineda@example.org,646918,2.9,28,2012-07-12,Bank Transfer
ID455525,Gina Green,dukedaniel@example.net,713492,3.3,67,1974-03-14,Paypal
ID773196,Nancy Howell,boydkyle@example.org,806642,4.2,24,2001-09-27,Bank Transfer
ID238401,Shane Ward,sgallagher@example.com,308696,1.7,80,1996-09-21,Bank Transfer
ID218775,James Andrade,samuelwilson@example.org,800148,1.5,7,2020-06-30,Paypal
ID396521,Anthony Drake,hbird@example.org,831066,2.7,16,2008-02-14,Paypal
ID908449,Kayla Alvarado,ipope@example.com,822514,4.2,42,2008-02-02,Credit card
ID353805,Laura Johnson,robinsonnicole@example.net,63612,1.3,56,1986-11-09,Paypal
ID215482,Joel Woods,clarkrobert@example.org,659918,1.5,51,1992-06-18,Credit card
ID831393,Edward Morrison,jamesmcmillan@example.com,875882,4.1,56,2016-02-01,Bank Transfer
ID468250,Brandon Butler,coreyharmon@example.net,1200530,3.4,98,2020-11-05,Paypal
ID352234,Trevor Jimenez,andersonrobert@example.net,204014,4.4,11,1975-09-23,Bank Transfer
ID839010,Jennifer Rubio,kdavis@example.com,379814,1.8,98,1977-09-17,Paypal
ID363864,Sydney Brennan,xcontreras@example.net,907416,1.8,95,2009-05-30,Credit card
ID637154,Teresa Wright,zwright@example.org,656522,3.0,5,1993-03-07,Bank Transfer
ID882209,Tina Smith,john76@example.org,708514,3.9,35,2012-04-22,Credit card
ID737785,Stephanie Strickland,chelsey20@example.org,422918,2.1,54,1972-01-10,Paypal
ID573022,Brenda Kennedy,mary88@example.org,356060,3.7,1,1991-08-15,Bank Transfer
ID550224,Eric Solis,henrysarah@example.net,822808,2.3,96,2009-09-18,Credit card
ID255862,Michelle Jackson,feliciasmith@example.net,1071060,4.4,23,1974-04-22,Credit card
ID861860,Andre Hubbard,keithwilson@example.org,1203040,3.6,82,2011-11-14,Paypal
ID229556,Michael Lloyd,eestrada@example.org,1191088,4.7,88,2019-11-26,Paypal
ID380129,Steven Reed,polson@example.org,619610,2.5,73,2001-12-13,Bank Transfer
ID179972,Deborah Gardner,mdudley@example.com,1244302,3.7,62,2018-05-16,Paypal
ID416205,Joseph Saunders,lindseywilson@example.org,791422,4.0,76,1975-08-16,Bank Transfer
ID801706,Jamie Wilson,heathergray@example.com,499504,2.4,20,1977-06-29,Credit card
ID168054,James Cox,stokessamantha@example.org,255170,1.4,9,1982-05-13,Paypal
ID790684,Shelley Jackson PhD,scruz@example.org,195576,4.5,11,1977-12-23,Credit card
ID121264,Kristi Madden,johnsandre@example.org,204014,2.4,34,1976-07-12,Credit card
ID895804,Kevin Garrison,larajoshua@example.com,402508,2.5,54,2024-02-16,Credit card
ID888685,Kelly Rollins,kellybrandy@example.net,674646,3.8,9,1987-07-03,Credit card
ID282453,Stephen Miller,campbelljennifer@example.com,803074,2.3,79,2004-01-28,Bank Transfer
ID255569,Paul Lynch,sweeneyrachel@example.net,482334,2.1,69,2003-11-04,Credit card
ID910932,Jose Adkins,patriciaparker@example.net,1110470,1.3,36,2025-08-05,Bank Transfer
ID448729,Travis Hodge,walexander@example.org,883706,4.4,58,2008-08-30,Credit card
ID766976,Marc Poole,fmartin@example.com,1076244,4.0,36,2016-12-10,Paypal
ID307184,Christina Hunter,natalie96@example.com,1002210,2.5,88,1996-09-23,Bank Transfer
ID436018,Lisa Kelly,colemankayla@example.net,1102436,2.8,30,2023-08-06,Credit card
ID859920,Angela Gibson,hollandjanice@example.com,1153326,3.1,74,1973-01-10,Bank Transfer
ID359404,Nancy Kim,lisa48@example.com,330900,4.9,44,1975-12-04,Credit card
ID846773,Paul Allen,zjones@example.net,262818,3.9,52,1978-04-01,Credit card
ID461176,Donna Oneill,jonathon48@example.org,297762,3.4,25,1970-02-03,Paypal
ID639126,Michelle Davis,clintonbrown@example.org,1089652,3.2,14,1970-04-11,Bank Transfer
ID395609,Ashley Burns,awashington@example.com,1146368,2.3,3,2002-07-23,Paypal
ID988188,Timothy Montgomery,bryan68@example.net,1178820,2.5,17,2011-11-12,Credit card
ID461489,Aaron Maddox,heidi69@example.org,375594,3.4,11,1989-09-29,Credit card
ID760082,Victoria Wilkerson,spencejennifer@example.org,21386,3.9,87,1975-10-01,Paypal
ID899351,April Johnson,donaldking@example.org,909970,4.9,23,2000-02-07,Paypal
ID242405,Leah Shields,anthony06@example.net,608436,4.1,42,1999-08-17,Paypal
ID657988,Willie Hatfield,martincharles@example.org,944156,2.6,51,2007-03-04,Credit card
ID500226,Timothy Yu,michael36@example.com,422918,2.0,36,1974-08-02,Paypal
ID776373,Frank Clark,millerdennis@example.org,909970,2.6,50,1992-10-29,Bank Transfer
ID547227,Brian Gilbert,boydchristopher@example.org,814200,2.9,66,2000-01-30,Paypal
ID673255,Emily Church,johnobrien@example.net,644654,4.3,80,2023-05-06,Bank Transfer
ID342647,Heather Armstrong,andrefrank@example.com,1101382,1.1,50,1993-10-19,Paypal
ID909176,Sara Johnson,upham@example.net,995384,1.6,40,2022-02-03,Bank Transfer
ID411855,Heather Perez,christina05@example.org,177584,4.8,69,1994-04-18,Credit card
ID832622,Stacie Wiley,amybradford@example.org,1159988,4.6,82,1971-10-25,Bank Transfer
ID498292,Christopher Castro,olsenmakayla@example.com,398456,2.3,22,1990-05-12,Paypal
ID405287,Andrea Peterson,gloria07@example.net,990284,4.9,20,1985-08-07,Paypal
ID909206,Samantha Hanson,denise50@example.org,358508,3.1,100,2019-09-13,Paypal
ID888024,Alexandra Mendez,ronaldjefferson@example.net,412864,1.5,85,1973-08-28,Paypal
ID207625,Kylie Edwards,christophercarr@example.com,601230,3.7,54,1978-07-01,Paypal
ID256124,Philip Andrade,allenluis@example.org,1116700,1.2,22,2000-04-22,Paypal
ID705316,Brian Berg,mcbridedavid@example.org,797038,2.9,19,2019-07-28,Bank Transfer
ID127373,David Graves,xdavies@example.net,920604,5.0,93,2023-10-09,Bank Transfer
ID152719,Mark Simmons,hhall@example.org,174562,1.8,68,2021-09-01,Credit card
ID879804,Brittney Wright,hthompson@example.org,513782,2.7,62,2015-01-19,Paypal
ID423148,Wendy Rose,kathleen99@example.org,820086,3.8,84,2000-10-05,Paypal
ID662742,Cheryl Stafford,mark16@example.net,529828,5.0,67,2001-11-18,Bank Transfer
ID530945,Rachel Green,robertsnicole@example.org,218596,4.9,22,2005-05-16,Paypal
ID358214,John Cooper,huffmanbrian@example.com,1225194,4.2,89,2026-05-18,Paypal
ID672328,Robert Moore,abrown@example.com,629060,4.2,90,1979-06-01,Bank Transfer
ID178180,Kathryn Rosario,knightandrew@example.org,499632,2.1,42,1984-07-01,Paypal
ID302886,Jasmine Flores,jennifersmith@example.net,613422,1.5,65,2009-06-08,Paypal
ID281462,Alicia Schmidt,brittany62@example.com,264396,2.6,20,1994-11-02,Paypal
ID137458,Jennifer Wiley,xmacias@example.com,1055424,3.1,26,1993-08-27,Credit card
ID346020,Nicole Miller,emily61@example.org,945978,3.3,28,1995-04-07,Credit card
ID992854,Bryan Sandoval,adamssandra@example.com,1064104,3.7,65,1993-01-03,Paypal
ID899606,Amy Williamson,gordonjeffrey@example.com,160322,1.5,55,2010-04-20,Credit card
ID366634,Jonathan Brown,zpatterson@example.net,1065198,4.3,55,1975-09-17,Bank Transfer
ID530043,Chloe Scott,lisa15@example.org,1145736,2.3,52,2014-10-18,Paypal
ID347024,Aimee Mccarthy,vegadaniel@example.com,267286,3.6,78,2016-08-17,Credit card
ID697162,Margaret Moore,arthur47@example.com,212624,3.9,38,2022-08-05,Credit card
ID277220,Raymond Hanson,melissa21@example.net,625204,1.8,43,1972-03-15,Credit card
ID453533,Mary Richards,stevefuller@example.net,647276,3.3,87,2006-12-31,Credit card
ID231683,Stefanie Carney,kellypage@example.com,137650,3.0,95,2008-08-28,Credit card
ID498309,Brian Reeves,tramirez@example.com,964732,1.8,88,2014-08-17,Paypal
ID213238,Kimberly Howell,evansjoshua@example.net,112314,2.8,96,1989-10-15,Bank Transfer
ID265444,Joseph Herrera,mhamilton@example.com,909970,1.8,62,2020-12-03,Paypal
ID345617,Michael Malone,anthony85@example.net,53277,1.3,72,1990-01-05,Bank Transfer
ID800558,Taylor Ali,pedro23@example.org,910624,4.3,43,1994-04-19,Paypal
ID951818,Christopher Jones,kimberly43@example.org,988982,4.9,14,2007-11-24,Bank Transfer
ID507915,Robert Wilson,andrewporter@example.org,575644,4.1,18,1979-05-24,Paypal
ID965685,Wendy Johnson,seantorres@example.org,1000010,3.5,50,1991-01-12,Credit card
ID450753,Keith Reed,mcdonaldwalter@example.com,589778,3.7,8,1976-03-30,Bank Transfer
ID518125,Teresa Hanson,lauralee@example.com,719002,1.2,40,1971-01-25,Credit card
ID812392,Kathleen Richards,brownronnie@example.com,714188,1.5,68,2022-09-04,Credit card
ID337252,William Williamson,dvargas@example.com,456988,3.9,23,1998-05-05,Paypal
ID413914,Jason Murphy,jochoa@example.org,719698,4.1,73,1997-01-19,Credit card
ID671388,Brittany Shelton,austinmorris@example.org,253246,2.0,3,2009-02-11,Bank Transfer
ID351534,Kevin Lawrence,jose18@example.com,1246636,4.1,69,1971-07-03,Bank Transfer
ID132885,Lori Jones,saramorris@example.org,43291,2.0,33,2003-03-15,Credit card
ID353204,Christopher Moore,john59@example.org,553582,1.8,33,2022-01-10,Paypal
ID548564,Christina Harris,toddhall@example.org,592338,2.9,11,1970-11-13,Paypal
ID598264,Jennifer Hunter,ehuynh@example.com,674646,1.2,47,2012-10-31,Paypal
ID895481,Mary Hubbard PhD,melissamoore@example.net,807934,4.2,17,2022-07-06,Paypal
ID402277,Jeffrey Hayes,michaelbriggs@example.org,977474,4.9,15,2023-04-04,Credit card
ID385757,Amy Rodriguez,robertwright@example.com,455054,2.7,69,2023-12-29,Credit card
ID574449,Dennis Gillespie,zscott@example.org,214218,4.6,29,1989-12-22,Bank Transfer
ID231379,James Meza,debbie48@example.net,825186,4.9,52,1982-08-03,Credit card
ID173136,Dave Knox,twilkins@example.com,219838,2.5,7,2008-02-22,Credit card
ID722001,Mary Gomez,fosterjohn@example.com,1185535,1.9,42,1977-07-26,Credit card
ID869376,Carl Rivers,groberson@example.net,938560,3.7,25,1977-09-11,Paypal
ID888915,Eric Evans,floressusan@example.org,951304,3.9,35,1972-02-10,Paypal
ID700065,Jenna Marshall,lynchjennifer@example.net,1141614,3.6,50,2024-09-14,Paypal
ID401038,Jordan Wood,langkeith@example.net,903140,4.6,25,1981-03-23,Bank Transfer
ID444666,Shannon Carter,swansonchristopher@example.org,524248,4.0,4,1976-03-08,Paypal
ID782253,Dr. Paul Brown,tina94@example.net,1202746,3.5,36,1979-12-04,Paypal
ID644107,Stephen Rich Jr.,madison26@example.com,1223240,3.4,50,1981-02-25,Paypal
ID818656,Amanda Shaw,kellyreynolds@example.org,566910,4.5,31,1971-01-19,Credit card
ID773343,Catherine Smith,josephallen@example.net,1191750,3.4,22,1982-09-28,Credit card
ID398429,Jessica Ramos,jessica09@example.com,287010,3.6,73,1974-04-22,Paypal
ID619543,Joseph Chaney,joshuamorris@example.com,52457,1.9,9,1973-11-10,Credit card
ID682870,Laurie Woods,david28@example.org,304410,1.5,36,2013-01-21,Bank Transfer
ID707032,Victoria Hamilton,haleyjames@example.com,1239068,1.1,97,2023-12-27,Bank Transfer
ID911995,Robert Bauer,rayrobert@example.net,975916,4.1,33,2020-12-13,Credit card
ID435365,Alexander Mitchell,jennifer78@example.net,231176,1.8,48,1976-02-04,Paypal
ID227172,Laura Larsen,tyler95@example.org,876544,2.0,90,2021-12-31,Bank Transfer
ID403690,Dan Nguyen,ohines@example.org,602702,4.7,88,2019-01-25,Paypal
ID822945,Nancy Jackson,kbradley@example.net,446608,2.3,75,1979-07-13,Paypal
ID477815,Jon Wheeler,peterbuchanan@example.net,769340,1.4,29,1993-04-04,Credit card
ID328403,Alfred Jackson,rileyjames@example.net,507486,4.6,50,1970-06-11,Credit card
ID925785,Wesley Wood,harrisjeffery@example.org,1200530,3.4,15,1986-09-22,Paypal
ID732970,Jennifer Wilson,sloanapril@example.org,769270,2.1,33,1987-10-04,Bank Transfer
ID946391,Jennifer Villarreal,joseph48@example.com,627332,2.7,30,2003-07-12,Paypal
ID670044,Michael Bird,nharris@example.org,298522,4.0,78,1997-12-22,Paypal
ID610507,Sarah Hodge,markmarshall@example.net,854696,3.4,50,2007-05-25,Credit card
ID601737,Alyssa Hill,hjackson@example.org,545036,2.4,27,1982-08-10,Credit card
ID698499,Melissa Ortiz,rlozano@example.com,1144780,4.9,50,2012-12-19,Credit card
ID327445,Heather Raymond,ssnyder@example.org,459468,3.3,27,1982-08-20,Paypal
ID173575,Patricia Murphy,misty22@example.net,1184664,4.5,62,1990-07-27,Credit card
ID208830,Susan James,coffeykerry@example.org,242382,5.0,31,2017-11-04,Paypal
ID981735,Jamie Faulkner,jonathan26@example.net,374590,3.3,38,1981-05-01,Bank Transfer
ID221758,Elizabeth Jones,steindavid@example.net,782460,4.9,95,1989-03-16,Bank Transfer
ID813443,Albert Vasquez,megancross@example.com,55136,4.6,46,1984-05-02,Bank Transfer
ID824910,Kellie Diaz,pattynunez@example.com,829616,2.0,67,1983-11-21,Bank Transfer
ID652717,Michael Torres,gregoryhiggins@example.com,1106490,4.0,45,2017-04-19,Paypal
ID613261,Darren Brown,kylecarter@example.com,464002,2.4,93,2005-04-04,Bank Transfer
ID355213,Cynthia Day,ipalmer@example.net,172906,1.5,9,1977-07-03,Bank Transfer
ID280533,Ashley Blair,johnsonroger@example.net,963664,2.4,60,2025-08-28,Bank Transfer
ID932762,Michael Lin,nlee@example.org,368786,4.7,90,1999-08-11,Bank Transfer
ID486019,David Anderson,mendozajill@example.org,19332,3.0,6,1988-03-21,Paypal
ID990366,Andrew Barker,sandra77@example.com,217540,3.0,68,1988-04-03,Credit card
ID262702,Clinton Bryant,mary87@example.org,1155262,1.2,4,2005-06-08,Paypal
ID252045,David Conrad,brian53@example.net,974954,3.2,7,2019-05-17,Paypal
ID646302,David Hays,laurawolf@example.net,284118,4.1,49,2009-02-15,Credit card
ID790238,Amanda Hayes,vwest@example.com,382856,4.7,56,2024-10-18,Credit card
ID912954,Cody Miranda,barbaragarner@example.net,733922,3.8,49,2005-12-13,Credit card
ID921640,Emily Cannon,dharrington@example.com,812602,3.6,31,2021-02-06,Paypal
ID932380,Amanda Brown,michaelthomas@example.com,192724,3.7,84,1996-02-10,Bank Transfer
ID368883,Sean Robinson,martinezlisa@example.com,702138,1.5,77,1985-08-18,Paypal
ID378133,Jason Barron,emilylarsen@example.net,996888,4.8,74,1996-06-20,Credit card
ID258780,Johnathan Kelly,ebell@example.org,1051570,4.7,87,1982-09-27,Paypal
ID866942,Kayla Hunt,ocochran@example.com,1197810,2.9,14,1984-05-10,Paypal
ID657101,Steven Gutierrez,daniel41@example.net,249126,2.2,14,2011-04-11,Credit card
ID580910,Stephanie Wallace,dgoodwin@example.org,697798,3.9,44,2014-08-11,Bank Transfer
ID947147,Sandra Bond,tpowell@example.com,720144,3.3,44,1991-12-25,Bank Transfer
ID369535,Teresa Knapp,rebeccaramirez@example.net,838418,4.2,68,1998-09-01,Bank Transfer
ID680084,Matthew Collins,cabbott@example.org,682986,1.3,93,2002-03-17,Paypal
ID549993,Timothy Wright,joshua06@example.org,762240,3.8,46,1986-01-11,Credit card
ID719372,Kristy Tate,stephanieserrano@example.org,986742,1.9,69,2007-12-10,Bank Transfer
ID235405,Gloria Greene,mbrown@example.net,933394,1.6,74,1990-01-17,Credit card
ID845488,Alison Harris,david01@example.net,50522,3.9,95,2015-01-27,Bank Transfer
ID182198,Matthew Glass,guerratimothy@example.org,757284,1.5,2,1971-01-16,Paypal
ID657028,Sarah Crawford,nicole18@example.org,1029062,5.0,85,1989-05-21,Paypal
ID316705,Allison Sanchez,timothylynch@example.org,893056,1.6,73,2018-02-25,Paypal
ID643200,Timothy Obrien,blake82@example.org,1000136,4.6,48,2003-03-10,Bank Transfer
ID653689,Barbara Patrick,buchananmary@example.net,991630,1.5,32,1983-07-06,Credit card
ID811538,Benjamin Adams,heidi06@example.org,948974,1.6,64,1984-04-29,Credit card
ID432056,John Atkins,taylorjames@example.net,597256,3.0,52,2015-04-06,Paypal
ID890695,Richard Sanchez,kristin94@example.com,639848,3.6,72,2026-04-11,Bank Transfer
ID834085,Christopher Griffin,iward@example.net,654832,3.4,26,2004-02-15,Paypal
ID996296,Karen Myers,cmorgan@example.net,1019276,3.4,16,2001-09-30,Paypal
ID589039,Loretta Hicks,mryan@example.org,521072,3.0,43,1991-03-10,Credit card
ID710829,Stacey Cobb,angelahickman@example.org,590794,4.7,89,1976-03-06,Paypal
ID713070,Anna Callahan,knapplinda@example.com,692658,2.6,37,1992-08-05,Paypal
ID341325,Linda Lewis,amcintyre@example.com,977474,4.7,32,2021-06-16,Credit card
ID720072,Margaret Anderson,michael73@example.net,1106490,4.7,35,2015-01-11,Bank Transfer
ID412474,Rebecca Benson,alison72@example.org,726314,1.4,98,2009-09-07,Bank Transfer
ID702718,Ryan Jackson,sandra62@example.net,302468,2.6,32,1977-05-08,Credit card
ID847714,William Bean,swilson@example.com,637974,2.7,89,2013-02-09,Paypal
ID495329,Jennifer Fields,rwest@example.org,113706,1.2,27,2005-09-15,Paypal
ID132650,Cindy Hoffman,cfranklin@example.com,588264,3.8,20,2024-09-28,Bank Transfer
ID523891,Kelli Dominguez,martinezgeorge@example.com,421546,4.1,88,2026-02-25,Paypal
ID815448,Joshua Jackson,ingramalisha@example.org,532008,1.7,52,1978-07-11,Credit card
ID619380,Wendy King,isaiahking@example.net,581598,4.5,48,1970-03-19,Paypal
ID575236,Michael Miller,claytonmegan@example.org,125162,3.4,61,1978-12-13,Paypal
ID802932,Ryan Roth,jeffreygraham@example.com,1198704,4.9,89,1972-07-13,Paypal
ID238356,Jillian Martinez,melvinwashington@example.org,797040,4.6,56,1998-03-02,Credit card
ID875621,Mindy Cowan,aaronbush@example.net,834600,3.0,36,1986-02-01,Paypal
ID120170,Tammy Mcdaniel,shopkins@example.com,1182624,3.1,5,1994-12-08,Credit card
ID199826,Carol Harrison,kaylacohen@example.org,737514,2.9,86,2025-09-27,Paypal
ID226124,Brooke Powell,brennanemily@example.com,445118,3.4,73,2015-05-11,Credit card
ID388208,Timothy Williams PhD,alicejohnson@example.org,560218,3.0,59,2019-06-29,Bank Transfer
ID333776,Crystal Ramirez,ghardin@example.org,743634,4.8,67,1994-10-22,Credit card
ID429024,Jared Doyle,genewelch@example.com,846962,3.9,69,1989-01-23,Credit card
ID504389,Frederick Floyd,khandesiree@example.net,62497,3.7,97,1986-03-29,Paypal
ID239685,Veronica Valdez,wilsonbrian@example.net,758216,4.4,23,1980-06-08,Paypal
ID332781,Kevin Parker,smithwilliam@example.org,761122,3.8,1,1998-02-03,Paypal
ID890668,Carmen Young,cherylbray@example.com,638040,3.0,82,1979-10-11,Paypal
ID948857,Mark Allen,johnwatts@example.net,600206,1.1,38,2013-12-19,Credit card
ID853685,Andres Hill,maldonadorandy@example.org,789670,2.6,34,1977-11-07,Bank Transfer
ID531069,Julie Hall,andersonjoshua@example.org,425338,1.9,86,1998-09-03,Paypal
ID698769,Mrs. Lisa Ritter DDS,wflores@example.net,773144,2.6,75,2003-07-11,Paypal
ID458158,Jason Goodman,gloverconnie@example.com,862478,1.7,8,2007-01-24,Paypal
ID390794,Gary Harris,brett20@example.com,932454,4.0,87,1997-07-10,Paypal
ID205682,Michelle Alexander,turnermeredith@example.com,1082996,3.1,49,2023-07-13,Paypal
ID781579,John Rodriguez,qjames@example.net,253246,1.2,38,1985-01-21,Paypal
ID711219,Mary Cox,jeremy87@example.org,1103448,3.6,62,1980-08-27,Paypal
ID605711,Jack Davis,brittany02@example.org,788514,3.0,75,2025-09-12,Paypal
ID724893,Lori Alvarado,coopercody@example.org,527834,3.6,24,1985-05-06,Credit card
ID936469,Christopher Douglas,debra12@example.org,637452,4.4,29,1985-12-06,Credit card
ID428342,Amber Henderson,nicholsalexander@example.org,663702,3.5,37,1984-03-01,Paypal
ID267714,Betty Stokes,zacharywaters@example.com,546124,4.2,61,1982-03-11,Bank Transfer
ID356458,Adriana Mccarthy,jeffrey05@example.org,577796,3.1,27,2017-11-19,Bank Transfer
ID820150,Shawn Harmon,sanchezjoshua@example.org,459207,4.7,34,1984-03-09,Paypal
ID602324,Nicole Norris,johnayala@example.net,198690,5.0,1,2009-01-26,Paypal
ID152369,Billy Lamb,tracy41@example.com,835712,3.0,20,2000-08-02,Bank Transfer
ID139756,Amy Russo,xtownsend@example.org,777444,3.9,86,1992-03-04,Paypal
ID163834,Bonnie Jimenez,xjames@example.com,828740,3.8,52,1996-10-18,Bank Transfer
ID958003,Eric Sims,ffarmer@example.com,909970,1.8,32,2009-06-14,Credit card
ID582576,Ashley Anderson,aguilardavid@example.net,696342,5.0,10,1995-12-08,Credit card
ID948212,Louis Alvarez,barnesmitchell@example.net,169144,2.3,74,1999-03-15,Credit card
ID325011,Joshua Castillo,robertparker@example.org,631148,1.2,42,2014-08-14,Bank Transfer
ID351292,Edwin Scott,diana67@example.org,368916,2.5,74,2015-03-12,Paypal
ID445713,Christopher Harding,ycollier@example.net,751100,2.5,54,2004-01-17,Bank Transfer
ID220844,Jesse Mason,beth41@example.net,975074,1.5,58,2016-08-25,Credit card
ID716395,Robert Ray,vjenkins@example.com,101504,4.1,45,1995-03-24,Bank Transfer
ID376131,Jessica Walton,robert39@example.com,663696,3.0,85,1975-08-02,Credit card
ID209932,Tracy Hudson,martinjohn@example.com,384318,4.2,98,2017-08-30,Paypal
ID789063,Dr. Chad Williams,michelestewart@example.net,835712,4.1,59,1995-10-31,Paypal
ID287615,Kelly Lutz,newmanjohn@example.com,1135712,2.1,71,2016-06-06,Paypal
ID243635,Peter Herrera DDS,tbarajas@example.net,475914,4.6,2,1989-07-27,Bank Transfer
ID178388,Rebecca Phelps,tsnyder@example.com,181264,4.5,58,1973-09-04,Bank Transfer
ID536461,Anthony Ho,aaronkline@example.org,474076,4.1,89,2020-06-28,Credit card
ID264972,Carol Gilbert DVM,toninichols@example.net,758216,4.2,94,2012-04-30,Paypal
ID493088,Sara Dennis,greensteven@example.net,976284,4.9,8,2009-04-23,Bank Transfer
ID745637,Ross Butler,pwalters@example.com,965832,4.9,17,1978-05-16,Bank Transfer
ID622514,Rachel Lawrence,cesarhancock@example.net,326338,1.2,60,2017-08-03,Credit card
ID342162,Courtney Allen,tmason@example.net,713098,2.2,64,1982-03-28,Paypal
ID623563,Margaret Winters,jwall@example.org,935900,4.8,64,2025-07-29,Credit card
ID958081,Jeremy Brooks,joshuamitchell@example.net,412108,2.8,51,1998-12-18,Bank Transfer
ID249466,Michael Lyons,norrisdaniel@example.com,288258,2.9,31,1986-09-08,Credit card
ID417109,Heather Black,delgadocindy@example.net,818990,1.9,12,1987-08-17,Credit card
ID610609,Lucas Beard,susan90@example.org,15285,2.0,95,1996-11-27,Paypal
ID728751,James Mason,kelleramber@example.com,826568,2.5,51,2006-06-14,Credit card
ID261033,Patrick Jones,vickirodriguez@example.net,398456,2.7,8,1997-04-14,Credit card
ID334381,Chris Nelson,courtney74@example.org,1225030,3.1,33,2020-04-12,Bank Transfer
ID399945,Jeffrey Schultz,leslietucker@example.org,383414,3.0,91,2018-12-09,Paypal
ID983034,Brian Franklin,jennifersmith@example.com,569436,2.4,11,2022-10-20,Paypal
ID476396,Benjamin Buchanan,joneslucas@example.net,300466,3.7,42,1981-02-21,Bank Transfer
ID923557,Sean Blanchard,lisa59@example.com,484670,1.1,61,1973-12-16,Credit card
ID301124,Steven Campbell,barreraanne@example.com,997916,3.9,48,1985-04-22,Bank Transfer
ID718757,Jill Krueger,jeremy33@example.org,188604,2.0,47,2020-08-05,Bank Transfer
ID757124,Donald Mcguire,lisagraves@example.net,496006,1.1,58,2020-07-23,Paypal
ID639489,Justin Reed,mayerdennis@example.org,969348,4.6,72,1998-08-06,Bank Transfer
ID780802,Maria Paul,bcalderon@example.net,100526,2.5,98,1978-07-20,Paypal
ID142255,Dawn Wang,victor39@example.net,702800,2.4,10,1971-07-09,Paypal
ID650547,Kimberly Lane,bdecker@example.net,463834,4.4,78,2024-04-12,Paypal
ID188650,Amy Johnson,halljason@example.com,989452,2.6,55,1973-10-14,Credit card
ID558597,Michael Perez,hzamora@example.org,601912,3.3,51,1999-01-20,Paypal
ID802583,Emily Taylor,richardsonstephen@example.org,456988,2.5,85,1980-05-20,Bank Transfer
ID382130,Mary Conway,schwartzdana@example.net,956888,2.9,25,2012-10-07,Credit card
ID429017,Kara Thomas,petersdaniel@example.net,1220862,3.4,93,2011-02-21,Paypal
ID546235,John Munoz,nmathews@example.org,327962,4.0,56,1990-10-06,Bank Transfer
ID232976,Gary Hines,hortonanthony@example.org,1265678,3.5,10,2021-12-10,Bank Transfer
ID468890,Miguel Thomas,elizabeth65@example.net,153230,1.6,12,2001-10-13,Credit card
ID395199,Misty Richardson,brian02@example.org,792232,4.4,3,2016-01-13,Bank Transfer
ID299887,Mary Jackson,kathryn06@example.net,72262,1.3,69,1977-10-05,Paypal
ID496108,Joe Zhang,deannasimpson@example.com,955242,3.6,5,1999-08-09,Paypal
ID236826,Amanda Davis,toddkelley@example.org,546124,3.8,95,1994-09-25,Bank Transfer
ID249764,Anita Allen,guerreroryan@example.com,693726,4.0,14,1986-12-07,Credit card
ID520971,Felicia Brown,tracybennett@example.org,975626,1.7,8,2020-04-19,Paypal
ID675961,Mary Villarreal,melaniebass@example.com,399228,1.6,76,1980-11-10,Paypal
ID959135,Gina Collins,richmondpeter@example.net,576694,4.5,92,1976-02-01,Bank Transfer
ID164804,Carolyn Jones,sandersangela@example.com,380668,2.0,69,1975-09-27,Paypal
ID810831,Shannon Taylor,alexisburton@example.net,631472,3.1,56,1971-03-31,Credit card
ID911289,Laura Church,robin69@example.org,21080,3.2,9,1989-08-10,Paypal
ID930863,Shawn Garcia,simmonstoni@example.net,806922,4.2,4,2026-07-27,Bank Transfer
ID566824,Gabriel Gallagher,castromanuel@example.org,648350,4.9,27,1987-05-29,Credit card
ID383115,Stephanie Middleton,jacobsjesse@example.org,323950,2.2,60,1984-04-24,Paypal
ID172765,Robert Williams,justin35@example.com,901082,2.9,31,1980-09-24,Credit card
ID732235,Mr. Greg Moody Jr.,tammy19@example.org,231970,4.8,7,1986-08-04,Credit card
ID639988,Jamie Fleming,mendozasamantha@example.org,760452,2.0,38,1984-05-28,Bank Transfer
ID979250,Misty Boyle,sylviadouglas@example.com,494078,5.0,62,2003-11-28,Bank Transfer
ID679996,Keith Cline,jflowers@example.net,551702,1.7,14,1995-04-26,Bank Transfer
ID711941,Laura Ramirez,catherine92@example.org,826202,2.0,22,1984-05-01,Bank Transfer
ID954993,Gabriela Douglas,andrew13@example.com,65802,3.9,41,1999-09-08,Credit card
ID359921,Zachary Mccall,randyanderson@example.org,94432,1.5,90,1989-03-18,Bank Transfer
ID191118,Kristine Fischer,shane21@example.com,575040,1.4,17,2005-03-25,Credit card
ID902152,Sheila Cobb,dianazuniga@example.com,705444,2.6,72,2025-10-16,Credit card
ID930059,Amy Steele,lorijones@example.org,850294,4.4,99,1986-06-14,Bank Transfer
ID894309,Albert Green,morrisapril@example.com,201942,4.5,24,1999-05-27,Paypal
ID229881,Jessica Smith,amelton@example.com,1214702,4.3,26,2025-11-07,Credit card
ID546519,John Kelley,ywhite@example.com,647520,3.4,59,1985-07-26,Bank Transfer
ID195793,Connor Thomas,sfernandez@example.org,821108,1.2,62,1971-01-13,Bank Transfer
ID717778,Patrick Dunn,nparrish@example.org,948440,2.2,99,1975-07-07,Paypal
ID753180,Jennifer Douglas,rodriguezgreg@example.com,1027480,4.9,79,1988-07-17,Bank Transfer
ID297325,Benjamin Mccarty,cookjennifer@example.org,270808,2.3,11,2015-04-25,Bank Transfer
ID986897,Chad Oconnell,kevin11@example.org,502772,4.2,89,2017-12-27,Paypal
ID951042,Robert Francis,martinmullins@example.net,987865,1.8,66,1995-07-28,Paypal
ID859958,Alejandra Doyle,frank38@example.com,37821,4.9,41,2006-09-04,Bank Transfer
ID144679,Rachel Trevino,veronica48@example.com,691180,1.8,99,2015-01-13,Credit card
ID305457,Stephen Crawford,smithamanda@example.org,833442,1.4,3,2008-01-08,Bank Transfer
ID341003,Philip Lewis,sherry58@example.net,332252,4.7,53,1999-11-06,Bank Transfer
ID252981,William Bailey,chandlercraig@example.com,685190,4.4,46,2003-10-25,Bank Transfer
ID322034,Diane Gallagher,brooksgail@example.com,625670,1.0,25,1970-07-28,Paypal
ID555210,Cathy Huffman,brivera@example.net,1225674,3.6,87,1974-02-23,Bank Transfer
ID365533,Brian Martinez,julienewman@example.net,672894,3.1,91,1975-12-27,Paypal
ID778481,Pamela Henson,teresawatson@example.net,1250694,4.6,12,1996-03-31,Credit card
ID753600,Scott Harris,angela16@example.net,352150,1.7,43,1987-08-05,Credit card
ID573422,Mark Hamilton,dedwards@example.net,247940,2.3,51,2000-04-04,Credit card
ID946582,Edward Craig,huberkatrina@example.org,79154,1.5,62,2003-09-25,Bank Transfer
ID811874,Daniel Blackwell,alexandrawilliams@example.net,580466,2.4,18,1990-11-07,Credit card
ID131823,Linda Morgan,meagancain@example.org,1083744,3.2,34,2006-05-06,Bank Transfer
ID601442,Mary Flynn,sbell@example.net,740764,4.3,21,2014-01-18,Credit card
ID160873,Alejandra Miller,samanthabrown@example.com,185092,2.4,70,1986-08-25,Credit card
ID785610,Stacey Miller,vhinton@example.net,648174,4.8,99,2018-02-27,Paypal
ID699141,Kevin Cook,cindy54@example.net,188498,1.4,9,2013-07-16,Bank Transfer
ID553856,Dr. Tamara Parker DDS,gilbertnicholas@example.com,558432,3.9,38,1997-12-02,Paypal
ID968467,Theresa Holmes,beandoris@example.net,919354,4.4,93,1993-01-30,Paypal
ID867394,Kevin Armstrong,krodriguez@example.com,847808,4.2,89,2022-06-02,Paypal
ID135311,Erica Johnson,cdawson@example.net,874012,3.5,19,1984-01-24,Credit card
ID117436,Mark Singh,susangordon@example.org,43778,2.5,72,1973-01-04,Paypal
ID756786,Karen Baldwin,justinbell@example.net,709324,3.0,67,1984-07-27,Paypal
ID790327,Margaret Mitchell,melissa95@example.org,1254852,3.7,57,1993-04-17,Bank Transfer
ID703077,Kelly Stewart,bgriffin@example.net,519968,4.2,7,1998-06-08,Paypal
ID189710,Thomas Hall,jesseespinoza@example.org,217978,1.4,86,2022-10-16,Paypal
ID992163,Carl Phillips,rachelmiller@example.org,1275872,3.6,56,1970-10-30,Credit card
ID972975,Dana Huang,kchang@example.com,959586,1.5,39,2002-05-17,Paypal
ID296532,Paul Roach,fbaker@example.net,206986,3.9,67,2018-09-16,Paypal
ID678372,Brandon Reynolds,tflores@example.com,570188,4.0,83,1971-12-03,Bank Transfer
ID509921,Corey Garcia,cynthiapatrick@example.org,46010,4.3,49,1998-06-13,Credit card
ID406005,Jennifer Ponce,fleonard@example.net,770526,4.6,85,2008-06-06,Bank Transfer
ID498485,Travis Moody,fosterxavier@example.net,1226008,3.9,53,1973-06-27,Bank Transfer
ID117476,Joseph Gallagher,patrickhall@example.net,1223310,4.5,18,2001-04-25,Credit card
ID538094,Daniel Rhodes,lterry@example.net,442580,3.5,28,1972-01-15,Paypal
ID793920,Luis Miller MD,alexander71@example.com,486412,3.6,84,2022-09-21,Credit card
ID131475,Jacqueline Velazquez,michelle64@example.org,638204,1.8,62,1994-06-21,Bank Transfer
ID521683,Renee Sharp,nelsondennis@example.net,991094,4.9,47,2006-12-28,Bank Transfer
ID124369,Susan Norris,danielsmith@example.net,773824,3.6,40,2004-01-11,Credit card
ID154518,Cristian Martin,parksmatthew@example.org,627782,2.1,71,1974-06-22,Bank Transfer
ID625358,Cindy Alvarado,bernardjennifer@example.com,159760,4.2,94,1975-05-28,Bank Transfer
ID719654,Dillon Gutierrez,nchristian@example.com,709536,2.9,62,1993-09-17,Credit card
ID329837,Jessica Pierce,doughertytina@example.net,597084,4.4,74,2009-05-23,Credit card
ID810332,Darlene Alvarez,omontoya@example.com,379722,4.4,73,2001-02-08,Bank Transfer
ID682325,Gregory Williams,omason@example.org,767656,2.1,59,1994-10-09,Paypal
ID975216,Paul Newton,markferguson@example.org,511952,1.8,1,1993-11-17,Bank Transfer
ID288533,Megan Murphy,cameronanne@example.org,858064,3.0,47,2008-10-02,Paypal
ID809504,Alicia Rice,mark81@example.com,924216,3.4,59,2005-09-01,Paypal
ID841408,Tiffany Edwards,whitenathaniel@example.com,615106,3.7,63,2025-06-09,Bank Transfer
ID711003,Kevin Li,rodriguezshannon@example.com,427066,2.5,100,1981-03-19,Paypal
ID510213,Jessica Mcguire,dhobbs@example.net,179446,2.5,23,1974-12-26,Paypal
ID429137,Dale Rivers,riveralaura@example.com,1211366,3.1,40,1979-10-27,Credit card
ID532335,Robert Alexander,gwilliamson@example.com,410974,2.3,58,1970-04-17,Credit card
ID440543,Timothy Griffin,harrismaria@example.org,996320,4.9,11,1998-06-01,Paypal
ID882519,Edward Arroyo,afranklin@example.org,121490,4.0,76,1971-12-07,Paypal
ID973717,Lindsey Davenport,kylepearson@example.org,1274210,3.7,86,1992-12-24,Bank Transfer
ID559111,Jasmine Fuentes,pjackson@example.org,506164,2.0,26,1993-11-22,Credit card
ID744705,Shawn Black,christopherburch@example.org,953152,1.1,86,2019-02-23,Credit card
ID499145,Carlos Mitchell,jorge93@example.com,286898,4.1,38,1995-08-31,Bank Transfer
ID122912,Aaron Lee,deborah80@example.org,823996,2.2,81,2011-04-16,Paypal
ID483323,Pamela Wells,reedbrooke@example.com,77532,3.5,37,1986-06-17,Bank Transfer
ID683849,Barbara Howell,morgan30@example.org,917176,4.3,76,2002-12-21,Bank Transfer
ID595369,Brian Morales,dhart@example.org,666322,3.7,65,2020-03-25,Bank Transfer
ID719019,Ricky Taylor,xtorres@example.net,1217778,1.7,85,1997-11-01,Bank Transfer
ID646406,Steven Drake,davidsonpaul@example.net,1144726,2.2,83,1987-03-01,Paypal
ID946923,Tracy Butler,harperdeborah@example.org,1146368,2.4,48,2009-04-09,Paypal
ID914864,Kara Jones,sgreen@example.com,199822,2.1,98,1991-07-31,Paypal
ID605936,Lauren Moore,brittney06@example.net,600316,1.1,95,2019-05-18,Bank Transfer
ID197689,Tom Fisher,hannahmclaughlin@example.org,392958,3.2,11,2025-06-02,Bank Transfer
ID992852,Ryan Gibbs,ashley19@example.net,179978,1.6,72,2019-04-08,Bank Transfer
ID954991,Ryan Ramos,jennifer76@example.org,1025026,3.1,86,2015-03-18,Paypal
ID557704,Garrett Wang,howardknight@example.org,1144726,4.9,76,1981-08-29,Paypal
ID590425,Caleb Chavez,tedwards@example.net,749468,2.6,64,2008-06-03,Bank Transfer
ID949630,Zachary Adams,jamiemayo@example.com,579642,1.1,22,1987-04-04,Bank Transfer
ID910036,Laura Ho,jennifermitchell@example.net,630734,4.4,43,2022-05-06,Bank Transfer
ID133769,Daniel Carlson,greenmelissa@example.org,660690,1.5,26,2023-09-30,Paypal
ID922720,Tyler Butler,kathrynfernandez@example.net,418732,2.3,28,2000-02-11,Bank Transfer
ID290816,David Wilson,marygriffith@example.org,1082996,5.0,60,1988-11-22,Paypal
ID416222,Gina Hansen,thomasharrington@example.com,1159988,2.3,29,2021-07-12,Bank Transfer
ID604181,Dominique Smith,oconnellmary@example.org,956002,4.2,12,2009-05-24,Credit card
ID980906,Chad Cunningham,alexandra28@example.com,214328,4.5,23,1991-04-19,Bank Transfer
ID227402,April Gray,xalexander@example.com,101864,4.1,11,2006-10-31,Bank Transfer
ID807264,Jason Clarke,csims@example.net,1097288,2.6,63,1973-07-26,Paypal
ID646603,Kathryn Garrison,ssheppard@example.com,591116,3.3,19,2010-02-03,Paypal
ID545253,Linda Williams,christinajackson@example.net,155344,1.4,100,2022-04-23,Bank Transfer
ID226635,David Burgess,rvelazquez@example.org,1058530,3.7,69,1972-09-05,Paypal
ID119715,Brenda Robbins,david76@example.org,808542,2.6,1,1994-10-30,Paypal
ID769538,Neil Davidson,michaelvelazquez@example.org,851288,4.3,80,1997-08-20,Paypal
ID768931,Lauren Nguyen,brian85@example.com,439968,1.5,7,1986-04-01,Bank Transfer
ID361731,Nathan Morse,millercrystal@example.com,1023196,3.2,19,2025-11-28,Paypal
ID744266,Erika Warren,cjohnson@example.org,783686,3.0,75,1978-03-17,Bank Transfer
ID930641,James Collier,bakerkristin@example.com,990440,2.1,77,1976-03-13,Paypal
ID728597,Joy Johnson,kvilla@example.org,528784,1.8,86,1988-11-04,Paypal
ID654306,Sierra Mcdonald,bmorales@example.org,1207112,3.2,83,1996-08-30,Credit card
ID618815,Lindsay Carter,jimmy47@example.org,994754,3.6,69,1985-12-25,Paypal
ID601636,Nicole Matthews,jason27@example.net,1100746,4.2,78,2005-04-18,Bank Transfer
ID274725,Ashley Duke,romerolindsay@example.net,286160,1.9,94,1983-01-13,Bank Transfer
ID339387,Michelle Singleton,david06@example.org,188418,3.6,60,1995-01-15,Bank Transfer
ID925968,Dr. Suzanne Flynn,jeremyjacobson@example.org,867440,1.2,12,2018-01-30,Paypal
ID439788,Kathryn Campbell,scottbradley@example.org,1207112,2.2,17,2009-05-13,Credit card
ID305216,Alex Garcia,lewiswilliam@example.net,958132,4.2,54,2002-09-21,Credit card
ID264491,John Wheeler,edwinwood@example.org,1266892,1.8,61,1978-04-09,Bank Transfer
ID769830,Mark Johnson,paigebecker@example.net,375594,4.3,92,1975-07-20,Bank Transfer
ID640734,Mary Davis,aallen@example.com,180362,3.1,90,1990-03-19,Bank Transfer
ID467614,Harry Wilson,jgriffith@example.org,676764,1.3,80,1994-07-28,Paypal
ID819773,Lisa Perry,tharris@example.org,304426,3.1,58,2016-02-20,Bank Transfer
ID505058,Richard Hogan,rwarner@example.net,178602,4.5,66,1972-01-07,Bank Transfer
ID954082,Jose Miller,ypowers@example.net,863954,2.9,17,2007-10-15,Bank Transfer
ID714549,Nathan Thomas,zacharykim@example.com,214218,4.7,13,2000-07-30,Bank Transfer
ID170754,Lori Stephenson,wongnicole@example.net,1149202,1.3,26,2007-01-09,Paypal
ID720455,Alan Baker,kbaker@example.com,514844,4.3,96,1983-10-03,Bank Transfer
ID231748,Kenneth Ferguson,troy38@example.com,950748,4.9,85,1978-02-15,Paypal
ID291302,Joshua Anderson,brownalejandro@example.org,805882,3.4,73,2023-04-17,Credit card
ID698151,Mark Herrera,pamela28@example.net,207166,3.4,26,1976-12-23,Paypal
ID751885,Gerald Ward,elizabeth02@example.com,145220,2.2,67,2024-12-25,Bank Transfer
ID719991,Evan Farley,lopeztara@example.com,1170074,1.5,23,1983-03-20,Paypal
ID325618,Donald Mcclure,brian11@example.com,226534,1.5,34,1971-10-28,Credit card
ID817380,Virginia Carter,susan19@example.net,418732,2.1,66,1993-03-03,Credit card
ID906191,Douglas Murphy,bartlettgary@example.net,1026760,1.8,21,1971-12-12,Bank Transfer
ID916622,Jennifer Newman,abennett@example.net,422918,2.7,18,2015-05-09,Paypal
ID360934,Scott Vargas,stephen08@example.com,1116366,4.7,5,1984-02-21,Bank Transfer
ID534850,Paul Hardin,jerrywilliams@example.com,1246252,1.2,48,2000-01-05,Credit card
ID933252,Robert Richard,mpayne@example.com,1117796,3.7,44,1999-04-09,Credit card
ID725315,Stephanie Jenkins,wendy35@example.org,1115064,1.3,63,1992-03-15,Bank Transfer
ID523779,Rachel Harris,laura66@example.com,185526,1.9,50,1996-08-05,Paypal
ID879169,Aaron Moore,smithchristopher@example.net,1204590,1.4,3,1974-10-02,Credit card
ID498267,Leroy Everett,briannadavis@example.com,383204,2.2,58,2016-03-22,Credit card
ID988684,Todd Benson,leethomas@example.org,1051856,1.9,51,1982-10-18,Bank Transfer
ID797071,Jason Miller,owalker@example.org,851560,2.1,59,1980-02-21,Bank Transfer
ID132345,Carl Ross,vosborn@example.com,729552,1.2,26,2026-01-07,Paypal
ID466432,Alexander Clark,joel10@example.com,473622,3.5,77,1995-07-07,Credit card
ID405293,Kathy Thompson,pamela11@example.net,582390,1.7,68,2004-04-03,Bank Transfer
ID369125,Douglas Jarvis,hansenkimberly@example.com,155344,4.7,59,2015-03-20,Credit card
ID198951,Jennifer Simpson,smithcheryl@example.org,287010,2.9,33,2000-04-03,Credit card
ID352380,Mr. Matthew Bass MD,farmerdouglas@example.org,281844,3.2,1,1987-09-21,Bank Transfer
ID597753,Amy Thompson,victor30@example.org,861566,2.6,25,1997-03-21,Paypal
ID712036,Robert Lewis,gwright@example.org,344180,3.2,83,1972-08-29,Paypal
ID984695,Paula Scott,navarrovictoria@example.com,771044,3.8,1,1978-01-02,Paypal
ID233367,Ryan Marshall,pwood@example.org,931588,1.1,34,1998-10-03,Paypal
ID347180,Christopher Hernandez,dmendoza@example.org,47004,2.7,27,2012-09-27,Bank Transfer
ID699848,Thomas Parker,sanchezevan@example.org,904076,1.7,25,2024-02-08,Bank Transfer
ID271690,Heather Smith,fjackson@example.net,74016,1.1,97,2021-07-08,Paypal
ID324146,Alexis Little,rebecca91@example.org,186096,1.5,65,2007-10-07,Paypal
ID524403,Chase Riley,tiffany16@example.net,691641,1.8,11,1986-10-19,Bank Transfer
ID462503,Brittney Schultz,josephcoleman@example.org,318638,1.8,75,2015-09-20,Paypal
ID967086,Kathleen Davis,zacharyforbes@example.com,950750,4.9,15,1983-04-25,Credit card
ID604277,Jennifer Rodgers,zmathews@example.org,815672,2.6,88,2015-03-11,Bank Transfer
ID680970,Jennifer Nguyen,mitchellsteven@example.com,874656,1.6,25,2009-10-04,Bank Transfer
ID979691,Brianna Davenport,sandraevans@example.org,188828,3.1,18,2006-04-13,Credit card
ID828821,Joshua Smith,wolfamanda@example.org,1250742,3.6,61,2007-05-19,Paypal
ID310792,Brandy Garner DVM,princedylan@example.org,436496,1.9,71,1993-09-26,Paypal
ID479022,Ms. Shelia Bowman,johnsondamon@example.net,1230950,1.9,21,1998-07-10,Credit card
ID545790,Mary Mathews,tsuarez@example.org,702278,1.2,91,1993-06-22,Paypal
ID882347,Norman Sherman,amanda15@example.net,820086,1.8,21,1983-02-25,Credit card
ID180032,Jose Robinson,omccoy@example.com,900472,3.0,95,1973-01-14,Bank Transfer
ID720620,Michael Lee,james77@example.org,101498,3.0,5,1977-10-22,Bank Transfer
ID751400,Tiffany Garrett,eric00@example.com,416738,2.2,72,2007-05-31,Bank Transfer
ID233812,Shannon Mcdonald,alexa71@example.com,380092,3.9,6,1989-10-15,Credit card
ID652049,Brian Gonzalez,mary05@example.net,1125814,3.0,37,2002-04-08,Bank Transfer
ID114365,Michael Underwood,anthonyedwards@example.com,215728,3.1,38,1996-04-20,Bank Transfer
ID773425,Derrick Martinez,blakemartinez@example.org,1050632,2.4,28,1977-07-15,Bank Transfer
ID861466,Scott Smith,alvinadams@example.org,935014,3.5,5,2004-07-16,Credit card
ID573372,Sarah Lowery,lynchbenjamin@example.net,772950,4.4,3,1972-03-16,Credit card
ID548326,Christine Tran,dylanjohnson@example.net,73860,2.1,2,2002-10-18,Bank Transfer
ID800002,Victoria Vasquez,sheilaadams@example.org,1242604,4.6,30,1991-06-16,Paypal
ID487207,Rhonda Butler,fjones@example.net,743970,2.4,76,1984-12-04,Credit card
ID682822,Karen Brown,westalex@example.net,1048302,2.1,85,1982-08-12,Paypal
ID853529,Heather Brown,smithashley@example.net,936884,4.4,63,1987-06-10,Paypal
ID587303,Samantha Mcdonald,djacobs@example.com,662318,3.2,97,1977-03-29,Bank Transfer
ID783199,Steven Smith,hernandezjoseph@example.org,823860,3.2,10,1986-07-18,Bank Transfer
ID217834,Haley Hall,chamberscassidy@example.net,861742,1.1,82,1978-12-31,Credit card
ID686436,Amber Castillo,scott26@example.net,639654,1.9,87,2014-01-14,Credit card
ID667155,Heather Jones,cameron09@example.com,1007622,4.9,98,1977-09-04,Paypal
ID809132,Kayla Solomon,zhernandez@example.net,800148,2.1,16,2019-11-14,Paypal
ID846183,Meghan Marks,marthahunter@example.com,996612,1.1,6,1997-08-21,Paypal
ID574844,Christina Washington,reneemiller@example.org,907386,2.4,63,2014-08-08,Bank Transfer
ID837025,Karen Washington,vmartin@example.net,1029554,3.0,2,1987-05-21,Paypal
ID623018,Mason Vasquez,crystallopez@example.com,302484,3.4,14,2018-07-27,Bank Transfer
ID322241,Paula Watts,smallruben@example.com,1219326,4.0,49,1993-04-06,Credit card
ID875099,Rose Moore,miranda92@example.net,1143148,2.9,100,2024-06-18,Credit card
ID602535,Robert Taylor,saundersalicia@example.org,566910,1.1,5,1997-10-15,Bank Transfer
ID205949,Austin Peterson,lisa57@example.net,762240,3.5,63,1974-02-17,Credit card
ID257876,Evan Greene,ruben41@example.org,1199928,1.0,61,2018-06-09,Credit card
ID624986,Juan Ferguson,carterjeffrey@example.org,955242,1.0,56,1971-01-17,Credit card
ID140305,Elizabeth Griffin,nunezdouglas@example.org,833442,1.6,89,1976-07-28,Bank Transfer
ID711541,Edward Davis,vincentoscar@example.org,640426,3.7,97,2005-02-09,Credit card
ID266108,Julie Smith,christopherdawson@example.com,1101204,4.4,70,1980-07-01,Bank Transfer
ID612203,Jacob Clements,xmartin@example.net,177472,1.2,3,1976-02-17,Paypal
ID584498,Amy Moore,bryanscott@example.org,504620,4.0,83,1987-06-27,Credit card
ID855143,Hannah Martin,lauren98@example.com,933818,4.2,40,2013-01-12,Bank Transfer
ID453667,Angela Hogan,markmiller@example.com,1223310,3.7,9,2014-12-08,Paypal
ID301177,Ian Rice,iwilliams@example.net,49886,3.0,82,2017-02-10,Credit card
ID639496,Christine Norris,oayers@example.org,1173716,4.0,5,1980-04-07,Credit card
ID758487,Whitney Matthews,tom99@example.net,687248,4.4,13,2004-05-10,Bank Transfer
ID285711,Calvin Ayala PhD,stacey99@example.org,777654,4.9,51,2005-11-24,Paypal
ID872830,Justin Stevenson,bowmanlisa@example.org,484872,1.9,25,1993-11-05,Paypal
ID474974,Anthony James,cynthia73@example.org,676650,4.4,67,2008-01-10,Paypal
ID969066,Travis Luna MD,echapman@example.com,1053272,4.3,34,1983-02-09,Credit card
ID541013,Kevin Davis,wesleyallen@example.net,382856,1.6,76,1986-11-01,Paypal
ID270241,Michael Higgins,melissa09@example.org,484132,2.6,10,2008-05-25,Paypal
ID927223,Robert Clark,jennifermoore@example.com,1053272,1.6,66,2001-10-07,Bank Transfer
ID765309,Shannon Irwin,mitchell45@example.org,566248,4.0,23,2015-07-16,Paypal
ID421282,Aaron Clark,jonesisaac@example.net,495678,2.6,21,1992-10-21,Paypal
ID304844,Robin Rice,kennedykristina@example.com,600316,4.1,67,1980-08-06,Credit card
ID837848,Sandra Garcia,michaelsmith@example.com,331970,2.9,42,1975-11-28,Paypal
ID174261,Mark Patel,robertfisher@example.com,403078,2.1,87,1987-10-04,Bank Transfer
ID745732,Dr. Jonathan Carney,simpsonjulie@example.com,372518,1.5,93,2025-07-19,Credit card
ID323551,Donald Murphy,derek03@example.org,465210,5.0,20,1993-02-22,Credit card
ID670587,Jaclyn Brown,jenkinskevin@example.org,1026206,4.8,49,1996-10-14,Credit card
ID745029,Robert Stevenson,joelpham@example.com,380206,1.5,81,1989-06-07,Bank Transfer
ID864730,Stanley Williams,lwoods@example.net,392958,3.8,2,1976-08-13,Bank Transfer
ID274340,Duane Turner,theresafarrell@example.net,486412,2.2,76,2024-10-24,Paypal
ID576205,Heather Beard,vgonzalez@example.org,311530,2.3,69,2009-11-04,Paypal
ID140194,Daniel James,phillipsdiana@example.com,998706,4.6,85,2012-10-08,Bank Transfer
ID346460,Frank Hudson,heather26@example.net,217010,2.4,9,2000-06-25,Paypal
ID407938,Marcus Edwards,chelseamullins@example.com,260900,5.0,48,1988-12-05,Paypal
ID547603,Russell Fletcher,stevensmichael@example.com,334838,1.6,55,2019-03-10,Credit card
ID447544,Andrea Lee,ashley43@example.net,592606,3.0,43,2018-01-25,Bank Transfer
ID128799,Deborah Waller,ujones@example.com,1194244,3.0,21,2016-09-12,Bank Transfer
ID969028,David Watkins,christopherestrada@example.net,648826,2.5,69,1991-12-11,Bank Transfer
ID223718,Lee Sullivan,dawnlee@example.org,158830,2.1,1,1973-08-06,Credit card
ID417487,Spencer Miller,ryan97@example.net,11153,3.0,70,1972-11-28,Bank Transfer
ID657409,Wendy Chan,mthompson@example.com,15285,4.8,99,1999-08-01,Paypal
ID694581,Jessica Smith,vsimpson@example.org,520766,1.1,31,2008-07-31,Bank Transfer
ID200313,John Ewing,adam52@example.net,660690,3.6,72,1970-06-19,Paypal
ID259588,Jasmine Miller,xrodriguez@example.org,636418,2.2,28,2009-10-21,Paypal
ID325720,Anthony Brown,holmescameron@example.com,475914,1.2,12,2000-03-18,Paypal
ID975177,Christian Pierce,palmertiffany@example.org,306556,4.2,53,2024-04-15,Credit card
ID729673,Michael Jordan,anthonyellis@example.com,599504,4.9,49,1985-10-27,Paypal
ID544349,Caleb Aguilar,catherine09@example.com,849896,1.8,66,1996-06-07,Bank Transfer
ID841120,David Robertson,grichardson@example.net,836044,2.0,30,2000-11-02,Paypal
ID760320,Sally Gill,powerskimberly@example.org,619786,4.0,82,2016-03-21,Bank Transfer
ID583462,Amy Townsend,sbarry@example.net,1072220,3.9,47,2020-11-24,Credit card
ID212344,Andrew Sandoval,josephbrown@example.org,737468,1.8,47,1982-01-25,Credit card
ID225898,Wendy Sanders,victoria61@example.net,212520,1.6,89,2025-05-19,Paypal
ID668518,Brian Scott,westjamie@example.org,835712,2.6,60,2004-11-08,Paypal
ID156776,Christopher Freeman,kbailey@example.net,504168,3.5,76,2002-07-15,Paypal
ID758544,Paul Hernandez,agarcia@example.org,885342,3.4,8,1980-03-14,Bank Transfer
ID685658,Connie Anderson,rallen@example.net,446134,4.0,67,2004-02-09,Credit card
ID404639,Jeremy Smith,pedrosmith@example.com,537748,1.1,64,1976-04-21,Credit card
ID864834,Kevin Ramirez,paulmccoy@example.net,708696,3.4,38,1997-12-30,Paypal
ID379110,James Randall,justin68@example.org,184088,4.8,6,1984-04-25,Paypal
ID386217,Victoria Schmidt,manuel98@example.org,1007622,5.0,27,2014-06-05,Paypal
ID346834,Michael Hudson,ray22@example.net,398798,5.0,48,2014-10-04,Bank Transfer
ID818946,Michael Francis,ricardo24@example.org,801486,3.5,49,2000-02-26,Credit card
ID978597,Elizabeth Jenkins,blake94@example.com,380092,4.2,83,1972-10-14,Paypal
ID378010,Christopher Merritt,mendezchristopher@example.com,104304,4.0,27,2013-02-12,Credit card
ID324574,Taylor Wilson,brianna27@example.com,482924,4.4,10,2009-03-18,Credit card
ID127681,Phillip Boyd,idavis@example.net,821526,2.3,63,2025-10-07,Paypal
ID161878,Brian Anthony,elizabethcarter@example.net,106156,3.3,32,2004-07-07,Bank Transfer
ID991007,Jessica Chavez,erinoliver@example.org,140168,1.0,15,2017-01-10,Bank Transfer
ID222059,Dennis Beck,angelamorrison@example.org,1210652,4.7,57,2005-02-19,Credit card
ID605635,Kimberly Day,rachel04@example.org,895030,4.8,63,2020-12-28,Bank Transfer
ID275707,Shannon Navarro,hansonbrittany@example.org,517938,1.5,2,1998-04-17,Bank Transfer
ID128670,Thomas Cooper,jcopeland@example.com,489114,3.7,71,1983-05-09,Bank Transfer
ID437699,Leonard Carney,tyler94@example.net,1169196,4.2,52,1970-01-19,Credit card
ID216403,Claire Smith,sarawalker@example.net,1107524,2.9,20,1998-11-27,Paypal
ID354778,John Reed,catherine43@example.net,1243016,4.5,87,1989-04-03,Bank Transfer
ID557958,Tina Calderon,william43@example.com,77642,2.3,93,2001-02-19,Bank Transfer
ID478532,Kayla Farrell,dicksoncarlos@example.net,1119920,3.0,74,1993-04-28,Paypal
ID737572,Joseph Yates,brian31@example.net,411986,1.2,4,1999-12-30,Bank Transfer
ID587397,Phillip Smith,hughesdenise@example.com,674350,4.8,21,1980-01-11,Credit card
ID165649,Carrie Brown,danielmiller@example.org,372416,3.0,3,1982-11-10,Paypal
ID951168,Penny Ayala,cfrench@example.net,715516,2.7,93,2002-11-19,Paypal
ID734945,Jason Sims,nbaker@example.com,364426,4.7,37,2021-02-10,Bank Transfer
ID372733,Brittany Banks,phamcraig@example.org,975046,2.0,59,1991-01-27,Bank Transfer
ID897084,Kelsey Roman,hobbsmichael@example.com,358508,1.5,48,1974-09-12,Paypal
ID199451,James Martinez,michael36@example.com,669536,3.3,50,2000-04-22,Bank Transfer
ID910539,Veronica Fisher,michellemiller@example.org,1106490,4.5,98,2012-01-31,Paypal
ID180108,Rachel Johnson,wendyperry@example.net,679158,4.5,64,2022-07-19,Bank Transfer
ID659311,Randall Gonzales,miguel48@example.com,80844,2.8,28,1984-02-22,Bank Transfer
ID311058,Amanda Byrd,imyers@example.com,361286,1.8,89,1990-12-11,Paypal
ID119268,Jordan Howard,crystal80@example.org,1125728,1.2,53,2014-07-17,Credit card
ID657742,Matthew Jones,seanmata@example.org,288258,4.9,55,2003-09-13,Bank Transfer
ID989376,Charlotte Mcknight,sherylross@example.org,784478,3.9,46,2017-05-16,Credit card
ID194469,Jillian Young,michael05@example.com,1174974,2.4,79,2021-12-02,Credit card
ID641600,Miguel Dudley,mccoyrobert@example.com,799434,3.6,80,1972-08-05,Bank Transfer
ID133636,Kevin Wheeler,wolfeleah@example.org,309820,1.6,66,2010-10-03,Credit card
ID934875,Tammy Moss,stevensonamy@example.net,460056,4.6,71,1975-01-18,Paypal
ID396997,Luis Anderson,fhawkins@example.com,408440,3.0,65,2015-01-05,Credit card
ID331399,Ashley Griffin DVM,jason15@example.net,173462,4.5,77,2012-06-01,Paypal
ID422373,Jacob Martinez,martinezdawn@example.net,32649,3.6,71,2015-02-15,Paypal
ID747129,Karl Simpson,warnermargaret@example.net,1045862,2.5,82,1996-04-02,Credit card
ID871207,Laurie Smith,fernandezjohn@example.net,525114,4.9,14,1987-09-23,Paypal
ID878149,Danny Howell,dcolon@example.org,1093608,3.4,69,1974-09-24,Credit card
ID564197,Ian Simmons,fpayne@example.net,839026,1.1,81,2007-07-14,Credit card
ID717625,Kelly Thompson,bshepherd@example.net,328842,2.1,58,1982-10-16,Credit card
ID175822,Tammy Martinez,elizabeth85@example.net,1123098,2.7,65,1983-09-28,Paypal
ID218879,Charles Turner,morenojohnny@example.net,1189288,3.1,9,2000-07-19,Bank Transfer
ID433142,Stacy Pena,cookrobert@example.net,601912,2.9,33,2021-03-03,Paypal
ID670991,Stephen Young,daniel65@example.org,606928,2.0,54,1972-07-22,Bank Transfer
ID260298,Jacqueline Sutton,susan73@example.net,471588,1.3,76,1983-10-25,Paypal
ID505722,Kim Ellis,yhughes@example.net,822670,3.2,27,2020-12-05,Bank Transfer
ID710542,Ashley Cruz,catherine72@example.org,935900,2.6,18,1972-12-27,Paypal
ID206403,Daniel Stewart,tiffany89@example.net,12214,4.0,81,2015-01-28,Bank Transfer
ID423776,Justin Oconnor,tiffanyprice@example.net,374590,2.9,89,1981-03-08,Paypal
ID898212,Destiny Shelton,alexisrichardson@example.com,783746,3.9,65,1971-03-09,Paypal
ID301540,Travis Cook,thomasbyrd@example.net,1140232,4.9,3,1988-06-19,Paypal
ID236402,Christopher Hoffman,fosterlori@example.net,907966,3.8,78,1975-08-14,Bank Transfer
ID201335,Scott Stein,thuerta@example.net,132950,2.4,23,1995-06-10,Credit card
ID252328,Danny Francis,kathy11@example.com,1128662,2.2,31,2023-11-15,Paypal
ID408748,Regina Foster,robertsrobin@example.com,1143032,2.6,96,1978-01-02,Paypal
ID639415,Joshua Gomez,sarahmendoza@example.net,384078,4.4,42,1970-07-02,Credit card
ID673381,Xavier Allen,hunterbrian@example.org,73080,3.3,70,2014-06-07,Paypal
ID674560,Angelica Rodriguez MD,iburton@example.net,1227322,1.5,54,2001-10-01,Bank Transfer
ID502489,Michael Davis,hallhunter@example.org,473622,1.3,3,1970-11-13,Credit card
ID258249,April Bryant,mark90@example.com,1023196,1.8,69,2020-06-07,Bank Transfer
ID196872,Travis Anderson,jennifercarroll@example.com,1177156,1.9,59,1986-02-28,Bank Transfer
ID890778,Jordan Gardner,corey54@example.org,942768,1.4,59,1985-06-05,Credit card
ID903578,Billy Johnson,jacksonoscar@example.net,1156530,2.5,27,2020-06-27,Bank Transfer
ID898732,Melissa Foley,joshuavazquez@example.com,1103272,3.1,25,1992-11-05,Credit card
ID114744,Jessica Mathis,heiditate@example.net,830994,1.6,48,1975-08-07,Credit card
ID669435,Chase Zimmerman,kennethrogers@example.com,151668,2.8,19,1999-10-16,Bank Transfer
ID941662,Emily Berg,johnstevens@example.net,970252,3.8,34,2012-05-09,Bank Transfer
ID925218,Angela Wilson,zhansen@example.org,1155262,4.5,10,2006-03-13,Bank Transfer
ID115654,Annette Peterson,mason59@example.com,153210,1.1,65,2019-03-10,Bank Transfer
ID335171,Teresa Delacruz,carolynhopkins@example.net,1107986,2.9,60,1992-07-15,Credit card
ID752595,Erin Jones,robertellison@example.org,861122,3.5,10,1975-09-23,Paypal
ID238948,Anne Waters,amber19@example.net,288466,4.7,77,1995-04-08,Bank Transfer
ID999117,Jennifer Miller,kaylalewis@example.net,975074,1.2,91,2005-03-26,Credit card
ID795300,Jeff Williams,ryan44@example.org,757450,3.4,70,1990-06-27,Paypal
ID642941,Diane House,kperez@example.com,970874,3.5,90,2005-08-08,Credit card
ID303442,Matthew Gomez,danielyoung@example.org,400280,4.7,88,1989-05-08,Credit card
ID353404,Sarah Jones,kimwilliams@example.net,607800,2.2,40,1994-06-27,Credit card
ID685554,Katherine Smith,yangkevin@example.com,635716,2.0,87,1981-09-18,Paypal
ID330174,Jason Rodriguez,uhenry@example.net,909836,1.1,84,2023-07-29,Credit card
ID861305,Beverly Rogers,schmidtjoseph@example.org,146454,1.6,98,2008-12-13,Bank Transfer
ID638240,Meagan Hanna,theresabrown@example.net,743884,4.3,48,2021-10-22,Bank Transfer
ID738417,Robert Arellano,patrickshepherd@example.net,947098,2.8,20,1986-11-16,Bank Transfer
ID647451,Michael Armstrong,knappshannon@example.net,635716,4.1,29,1997-03-17,Credit card
ID645333,Barbara Kelly,alancox@example.org,71912,4.7,18,2016-05-07,Bank Transfer
ID613251,Sonia Reed,teresarose@example.org,701662,1.2,70,1984-11-24,Bank Transfer
ID793336,Rebecca Randall,krista12@example.net,900434,2.7,83,1986-09-23,Bank Transfer
ID422482,Kelsey Sheppard,spearsalicia@example.net,99826,4.9,12,2018-04-06,Credit card
ID381416,Bruce Calderon,laceywhite@example.net,746432,2.9,1,2002-08-18,Bank Transfer
ID411606,Donald Hodges,emma78@example.com,904076,5.0,47,2024-03-07,Bank Transfer
ID622979,Erin West,heather79@example.com,99826,1.5,44,2007-08-29,Bank Transfer
ID882597,Sierra Campbell,marcus24@example.com,446022,2.2,24,1981-12-19,Bank Transfer
ID178198,Lindsay Wilson,jacob11@example.com,185500,2.1,22,1981-04-10,Paypal
ID272670,Bradley Stone,bferguson@example.org,1027480,3.6,3,1990-03-05,Bank Transfer
ID814028,Tami Smith,scott32@example.com,624662,1.7,90,1990-10-25,Paypal
ID901859,Jessica Smith,debra88@example.net,674040,3.6,40,2001-03-02,Bank Transfer
ID463896,Douglas Boyle,greenbrandon@example.net,621014,2.1,44,2022-05-30,Bank Transfer
ID451951,Nicholas Brown,christopherfoster@example.com,1145430,2.3,7,1976-08-18,Bank Transfer
ID372051,Michael Robinson,cthomas@example.com,176136,4.9,9,1971-12-23,Bank Transfer
ID483441,Janice Hall,odomdawn@example.com,1035638,3.2,76,1985-05-26,Bank Transfer
ID367315,Timothy Maldonado,jessica31@example.org,994740,4.1,23,1978-12-21,Credit card
ID479635,Jeffrey Fleming,kmiller@example.org,405282,3.4,81,1989-03-04,Paypal
ID853253,Natasha Mcmillan,owilliams@example.net,1046540,4.1,79,2009-03-08,Credit card
ID868088,Gene Jones,sandra94@example.org,385662,4.1,4,1976-12-04,Credit card
ID404826,Kenneth Copeland,shannon05@example.com,777932,3.8,20,1988-12-30,Paypal
ID650695,Scott Charles,collinsnoah@example.org,19332,4.6,7,1989-03-21,Bank Transfer
ID632975,Christopher Foster,andersenjames@example.com,73080,1.4,94,2000-04-20,Paypal
ID926547,Carmen Harrison,markbarry@example.org,722176,2.5,15,2006-06-10,Bank Transfer
ID172441,Stacy Griffith,whitedennis@example.org,406820,4.8,99,2017-05-10,Paypal
ID820993,Nicholas Lee,eileenescobar@example.net,160322,3.4,97,2020-06-20,Credit card
ID850915,John Ruiz,rhaley@example.org,950750,4.1,58,2012-01-18,Credit card
ID779226,Dawn Woods,silvapaul@example.com,474238,2.4,35,1998-12-23,Paypal
ID549945,Mr. Larry Thomas DDS,christopherblair@example.org,269830,1.3,10,1992-06-01,Paypal
ID227624,Anthony Chan,joshua70@example.org,145812,2.8,93,2017-10-20,Bank Transfer
ID803899,Kayla White,rjames@example.net,1023070,1.7,99,1974-10-24,Bank Transfer
ID601878,Melissa Davila,ktapia@example.net,839536,1.4,28,1983-01-12,Bank Transfer
ID856735,Victoria Pitts,pennygonzalez@example.com,1169062,2.2,15,2016-05-08,Bank Transfer
ID755833,Dr. Elizabeth Scott,morrisonpaul@example.net,701468,2.3,30,2022-04-29,Paypal
ID297179,Andrew Hoffman,rachel45@example.net,996612,2.5,52,2020-11-28,Bank Transfer
ID975307,Kenneth Flores,ryanjohnson@example.net,402836,1.8,62,1980-07-06,Paypal
ID799584,Nicole Harrington,thomashahn@example.com,822926,3.4,41,1989-07-27,Paypal
ID879724,Erin Martinez,pamelacollins@example.org,574428,4.1,23,1984-12-15,Bank Transfer
ID305900,Elizabeth Larson,cameron60@example.com,555952,4.5,89,2002-08-17,Paypal
ID912495,Samuel Rogers,matthew81@example.net,53556,2.3,78,2020-12-08,Paypal
ID567894,Frank Guerra,wilsondavid@example.net,782194,1.3,94,2008-09-05,Paypal
ID527433,Jenna Mcbride,christian13@example.com,909486,1.3,52,1985-02-14,Bank Transfer
ID902827,Curtis Flores,victoria35@example.net,944550,4.8,8,2012-08-04,Paypal
ID875275,Kaitlyn Garcia,campbellkevin@example.com,1019276,2.1,15,2007-02-09,Paypal
ID751011,Brenda Lee,mosleykyle@example.org,438420,4.7,43,2025-03-17,Paypal
ID992468,James Mason,krystaljoyce@example.com,1097778,1.5,99,2013-05-20,Credit card
ID918351,Carrie Williamson,jessicamiller@example.com,951912,3.2,51,2009-11-27,Bank Transfer
ID198703,Kaylee Jordan,wagneredward@example.com,336446,3.1,86,2012-03-12,Credit card
ID608000,April Vasquez,sarahrogers@example.net,72262,4.9,17,1984-12-17,Credit card
ID418072,Brian Galvan,dylan99@example.net,975982,3.4,5,2004-05-28,Bank Transfer
ID221691,Nicole Hodges,shannonmoore@example.net,56970,1.1,21,1970-03-01,Paypal
ID529750,Christian Miranda,suzanne74@example.net,520876,1.3,6,1986-09-20,Bank Transfer
ID243082,Susan Lewis,scotttrujillo@example.com,860656,4.3,53,1997-08-11,Bank Transfer
ID135418,Mr. Maurice Wood,lindasteele@example.org,1145430,4.1,58,1979-05-11,Credit card
ID711858,Brett Cook,rochaheather@example.org,949134,1.6,99,2022-04-17,Paypal
ID746536,Gregory Goodman,robert32@example.net,348116,3.6,34,2000-12-11,Credit card
ID333161,David Davis,oliverrichard@example.org,958982,1.3,19,1983-04-29,Bank Transfer
ID286425,Brandon Ross,deborahbrown@example.net,902150,4.5,40,2007-02-21,Credit card
ID829980,John Taylor,charles78@example.org,884946,4.9,58,2020-09-12,Paypal
ID730190,Heather Owens,scottmassey@example.org,897162,4.3,48,2000-06-22,Bank Transfer
ID780021,Aaron White,veronicafrost@example.com,1158690,3.8,5,1993-12-07,Bank Transfer
ID874097,Jay Kennedy,marie95@example.org,825354,1.8,16,2025-04-17,Credit card
ID337763,Karen Garcia,matthewmurray@example.org,1053406,1.3,13,1994-08-24,Paypal
ID921347,Christina Morales,codyrodriguez@example.com,315812,1.7,48,2007-05-23,Paypal
ID377286,Brenda Yu,hodgemary@example.net,315812,4.8,17,2013-05-20,Bank Transfer
ID823319,Bruce Valenzuela,erinhayes@example.org,951050,4.2,77,2001-06-20,Bank Transfer
ID940774,Mrs. Jasmine Acosta,michelle64@example.org,1062686,1.4,5,2002-03-11,Credit card
ID808518,Nicole Lewis,sheryl08@example.net,575644,4.1,8,2011-08-13,Bank Transfer
ID210630,Kristi Thompson,danielfigueroa@example.org,949504,3.3,19,1997-09-23,Paypal
ID511279,Jessica Kelly,jasminserrano@example.net,651780,2.2,67,2002-07-14,Credit card
ID171085,Rachel Phillips,jeremy90@example.com,42645,4.6,5,2010-04-02,Credit card
ID355246,Brian Johnson,pattersonscott@example.com,519952,1.1,54,1972-12-28,Credit card
ID910394,Jay Brown,clayashlee@example.com,657518,3.4,34,1972-11-15,Bank Transfer
ID595877,Mary Higgins,jonathanstewart@example.org,986442,2.3,70,2015-03-28,Credit card
ID540790,Morgan Smith,matthewberry@example.com,1113702,2.0,79,1997-03-03,Bank Transfer
ID577766,Katie Hunter,nancy62@example.com,457206,1.8,82,2007-08-12,Paypal
ID854121,Ariana Hill,jackie42@example.net,1127988,3.0,34,2001-06-02,Bank Transfer
ID496717,Dustin Hawkins,zcarter@example.org,808542,1.9,31,2004-10-31,Bank Transfer
ID471700,Parker Wallace,bmclaughlin@example.net,22825,4.5,18,1978-07-18,Credit card
ID940275,Emily Murphy,gutierrezryan@example.com,1210062,1.2,62,1985-03-29,Paypal
ID797743,Anthony Sullivan,hburgess@example.net,988804,4.7,8,2023-01-02,Bank Transfer
ID162002,Travis Stephenson,ycameron@example.org,572270,2.8,36,2002-11-17,Paypal
ID319984,Douglas Yang,mmooney@example.net,970874,4.4,28,2019-12-28,Credit card
ID648197,Mr. Thomas Mitchell,ksaunders@example.org,352150,4.1,52,1994-10-15,Paypal
ID328617,Tina Thompson,aschwartz@example.net,238934,2.9,2,1982-01-21,Credit card
ID462309,Dean Rowe,cmorris@example.net,662996,3.3,27,1986-07-09,Paypal
ID682559,Jacob Mendoza,kelsey41@example.net,557208,4.1,79,1986-09-27,Paypal
ID139407,Charles Crawford,jamiecarlson@example.com,1269590,4.9,36,1984-09-13,Paypal
ID801002,William Vasquez,colemanpamela@example.org,648506,1.6,59,1986-05-10,Paypal
ID777991,Vanessa Monroe,katrina72@example.net,80844,4.2,58,2024-01-25,Paypal
ID954293,Katie Gray,aspencer@example.com,1187084,3.6,57,2023-11-20,Credit card
ID516177,Daniel Hughes,cbecker@example.net,788796,4.4,92,2002-08-21,Bank Transfer
ID922290,Nicholas Kidd,vickiewelch@example.org,856968,3.0,47,1974-01-20,Credit card
ID166025,Christopher Bell,pamela89@example.org,592594,3.5,40,2010-01-01,Credit card
ID316675,Michelle Duncan,kjohnston@example.com,1232356,2.1,11,2011-05-28,Bank Transfer
ID810326,Christopher Dennis,tabitha57@example.net,94532,4.0,54,1970-11-09,Paypal
ID593921,Sara Green,rachelgardner@example.org,390096,4.7,30,1974-08-23,Paypal
ID596727,Joseph Ferguson,joshua61@example.org,534376,1.2,1,2012-08-21,Bank Transfer
ID517505,Noah Ferguson,wrightkristen@example.com,975414,3.6,2,1988-04-05,Credit card
ID538116,Jessica Owens,afisher@example.net,1147664,2.3,23,2020-02-19,Paypal
ID911212,William Ellis,cfoster@example.net,792232,1.7,59,2013-11-20,Bank Transfer
ID503146,Juan Martinez,olutz@example.org,1245392,3.6,24,2011-01-21,Bank Transfer
ID254752,Carolyn Bowman,jack96@example.org,577796,3.8,30,2020-08-30,Bank Transfer
ID382255,Robert Nelson,john26@example.org,388104,4.2,75,2009-05-02,Paypal
ID816185,Brandon Robinson,jortiz@example.net,707224,2.5,18,2004-07-05,Bank Transfer
ID625631,Ms. Patricia Bolton,obrienchad@example.org,856490,4.4,58,1996-09-10,Bank Transfer
ID265150,Robert Ball,walkeranthony@example.com,1036456,4.8,24,1996-08-16,Bank Transfer
ID805600,Leah Smith,vbrown@example.com,411778,1.5,68,1979-04-18,Paypal
ID214811,Amy Williams,jamesabbott@example.com,1024800,3.6,48,1997-05-21,Paypal
ID725826,Melissa Barber MD,allenlane@example.com,1124280,2.8,57,1981-12-06,Bank Transfer
ID767288,Robert Gordon,ryan60@example.com,1113170,5.0,56,1993-02-08,Paypal
ID127510,Michael Mccormick,jacob08@example.net,1033670,2.4,41,2016-09-27,Paypal
ID929307,Kendra Bell,ericlittle@example.com,642060,1.0,38,1981-09-07,Credit card
ID823952,Dustin Tapia,kathleen68@example.com,724824,4.3,75,2010-04-25,Credit card
ID419462,Joan Gill,joshuapitts@example.com,813516,1.5,36,2012-02-03,Paypal
ID660801,Jordan Price,eallen@example.com,648628,2.4,38,1983-12-23,Credit card
ID424715,Robert Carter,lwhite@example.com,381828,3.7,38,1989-12-29,Paypal
ID928791,Anthony Morales,moranandrew@example.com,1137310,2.4,41,1973-10-05,Paypal
ID881529,Alexandra Wallace,brian60@example.net,861444,4.2,60,1995-11-12,Bank Transfer
ID714070,Sara Downs,angelicareeves@example.net,683394,4.5,26,2009-02-12,Credit card
ID975971,Linda Larson,charles43@example.net,629704,4.8,99,1992-02-03,Paypal
ID208834,Jennifer Campos,njohnston@example.com,566856,1.6,75,1995-05-13,Credit card
ID430543,Lori Lewis,christophersoto@example.org,550360,3.4,93,2017-03-07,Bank Transfer
ID526910,Thomas Goodman,theresa01@example.org,1039596,3.5,19,1983-08-15,Paypal
ID892983,David Cain,amy22@example.com,436496,1.8,86,1978-12-10,Paypal
ID866583,Erik Cox,kingtimothy@example.net,1124970,3.5,79,2016-12-26,Credit card
ID538179,Stephen Guzman,walkerkevin@example.net,968026,2.3,17,2026-06-02,Credit card
ID201563,Destiny Mendez,glane@example.net,658816,4.4,52,1992-01-15,Paypal
ID836933,Aaron Cole,kenneth07@example.com,674354,4.6,64,1975-11-03,Credit card
ID945043,Allison Black,vaughanjacqueline@example.org,145812,3.2,41,1983-07-04,Paypal
ID404214,Marcus Perry,andrew29@example.org,1234108,2.3,77,2002-11-02,Bank Transfer
ID333782,Dr. Michele Bell,garzathomas@example.net,861742,2.4,91,1971-03-18,Bank Transfer
ID844782,Mr. Eric Wells,mullinsscott@example.net,324226,3.7,26,1972-12-29,Credit card
ID690794,Christina Hernandez,bartonsabrina@example.com,1015308,2.3,26,2000-03-20,Credit card
ID494722,Kristin Rollins,marydavis@example.com,779000,3.8,59,1995-07-18,Paypal
ID431528,David Buchanan,jasonmartin@example.com,765056,3.4,22,1971-04-25,Credit card
ID221930,Keith Stevens,horicky@example.com,155616,4.3,27,1997-07-28,Credit card
ID574444,Danielle Owens,joe07@example.com,818958,1.4,25,1997-03-05,Bank Transfer
ID984321,Jennifer Solis,ugallegos@example.com,212398,1.3,94,1994-03-14,Credit card
ID633245,Adam Robertson,alexandriamatthews@example.net,300466,2.4,28,1994-01-15,Bank Transfer
ID694772,John Montes,michael43@example.org,1105344,1.7,64,1975-08-30,Bank Transfer
ID541745,Sabrina Smith,robertbailey@example.net,768612,4.6,92,2004-09-22,Paypal
ID621499,Patricia Weaver,leslie20@example.org,777932,2.1,81,2015-05-10,Bank Transfer
ID185551,Gail Park DDS,michaelhogan@example.org,899492,2.9,93,2025-04-11,Bank Transfer
ID572686,Jessica Casey,alexandria88@example.org,258894,3.2,32,2023-07-05,Paypal
ID613830,Angela Price,leslie25@example.org,696016,1.1,42,1975-07-12,Bank Transfer
ID531696,Jonathan Mckee,riverachristopher@example.com,826912,4.2,86,1971-12-12,Bank Transfer
ID771849,Latoya Hansen,kforbes@example.net,1084894,4.2,98,1996-11-27,Paypal
ID911068,Crystal Simpson,mccoynicholas@example.org,1135712,4.4,70,2019-03-11,Paypal
ID357099,Robert Murphy,bharris@example.org,576694,3.0,32,1990-01-12,Credit card
ID665540,Kevin Beard,newmanjennifer@example.com,791030,2.9,90,2022-12-24,Paypal
ID649003,Rebecca Dean,hillamanda@example.com,585208,2.5,78,1971-08-10,Bank Transfer
ID163128,Benjamin Wu,jason87@example.org,1047750,2.4,56,2016-09-21,Bank Transfer
ID978160,Amber Oconnor,johnsonchristian@example.org,1125728,1.2,20,1985-08-01,Bank Transfer
ID723193,Keith Johnson,hblake@example.org,1197650,4.5,47,1975-01-28,Bank Transfer
ID972020,Jennifer Mitchell,william06@example.net,422012,4.5,28,2008-03-27,Paypal
ID323185,Nathan Jackson,destinymorales@example.net,953442,3.2,20,1983-06-23,Bank Transfer
ID327051,Nicole Allen,bmunoz@example.org,452514,4.7,61,1990-10-07,Bank Transfer
ID482205,Mary Allen,smunoz@example.org,1031620,1.4,56,1972-11-14,Credit card
ID292866,Jorge Dickerson,alvin00@example.net,662450,1.7,44,2004-05-20,Bank Transfer
ID766618,Kimberly Garcia,wilsonlisa@example.net,674354,5.0,92,2016-05-14,Credit card
ID275491,Julie Lamb,walllori@example.org,773144,2.3,32,2011-05-29,Bank Transfer
ID122991,Zachary Fernandez,vincentmoore@example.org,811534,2.3,30,2014-11-21,Credit card
ID960336,Laura Hogan,john43@example.com,54677,3.6,46,1995-11-23,Paypal
ID345638,David Robinson,williamgarcia@example.com,64605,1.4,49,1996-02-26,Credit card
ID691277,Angela Sims,lynnbates@example.org,874012,3.6,78,1977-02-28,Paypal
ID428547,Andrea Snyder,rubiojustin@example.org,593544,2.2,68,2015-06-05,Paypal
ID762136,Jennifer Gutierrez,adamsjordan@example.org,1152012,4.7,45,1999-06-18,Paypal
ID232965,Pamela Summers,mistydavis@example.org,222062,3.0,59,1990-09-05,Paypal
ID363067,Julie Wyatt,jonesdebra@example.net,1076424,1.6,64,2013-04-22,Bank Transfer
ID470252,Seth Thompson,mark21@example.com,595728,4.6,23,1979-11-23,Bank Transfer
ID825792,Carol Adkins,yesenia02@example.net,1020722,3.8,32,2009-01-19,Credit card
ID630183,Deborah Mcdonald,savannah51@example.net,836044,4.8,45,1996-08-01,Paypal
ID662546,Douglas Moss,stewartroy@example.org,429866,4.7,93,1997-08-27,Paypal
ID444253,Karen Kelly DVM,msmith@example.org,304424,2.7,72,2014-03-15,Bank Transfer
ID618455,Tina Moore,marie87@example.org,772618,1.0,71,2019-05-03,Paypal
ID687418,Mary Mitchell,ashleyperkins@example.net,211052,1.1,28,2009-06-11,Paypal
ID914686,Rodney Ballard,heather56@example.com,508570,1.8,55,2018-08-07,Bank Transfer
ID825523,Anita Massey,esmith@example.org,540724,1.1,73,1986-01-22,Paypal
ID399976,Alexandria Williams,bairdcarl@example.org,917172,4.1,13,1970-11-08,Paypal
ID679497,Mark Wilson,laurapeterson@example.net,735796,2.2,34,2019-10-04,Credit card
ID356533,Andrea Evans,stevenreyes@example.org,1125814,1.9,1,2007-12-29,Credit card
ID708446,Linda Page,jesse89@example.org,500628,3.4,9,1991-02-23,Credit card
ID708835,Lori Barnes,ygates@example.net,1154754,5.0,14,2013-09-09,Bank Transfer
ID679953,Richard Green,mirandaashley@example.org,185266,4.1,80,1999-11-18,Paypal
ID544319,Isabel Hoffman,gregory99@example.com,330900,3.6,3,1971-12-27,Credit card
ID115783,Brandi Carpenter,stevenbell@example.com,994312,3.1,84,2018-11-07,Bank Transfer
ID149018,Brian Stevens,qmoore@example.net,574876,3.8,85,1997-04-17,Bank Transfer
ID381456,Johnathan Savage,maria82@example.net,385662,1.3,57,1999-06-04,Bank Transfer
ID501112,Elaine Jimenez,nlopez@example.com,709500,2.3,61,2017-06-18,Paypal
ID357283,Tiffany Ballard,tinawilliams@example.org,742392,1.8,90,1979-03-13,Credit card
ID431904,Brian Watson,dustinkerr@example.com,73044,3.0,50,2018-08-25,Bank Transfer
ID136126,Sarah Burke,jessicastephens@example.com,760990,4.8,16,2004-01-26,Bank Transfer
ID754894,Jeffery Mcgee,vhenderson@example.com,899240,4.6,2,2023-07-13,Paypal
ID853312,Brian Alvarez,hbrooks@example.com,1198302,4.4,22,1999-07-26,Bank Transfer
ID345724,Collin Chang,maurice83@example.com,1058262,2.5,93,2022-01-24,Credit card
ID715768,Susan Nelson,allisonsmith@example.org,780056,2.3,94,2017-03-06,Paypal
ID606006,Cameron Walker,kimberlywheeler@example.org,598722,4.6,10,1978-12-08,Paypal
ID755336,Meghan Marshall,petersamber@example.com,446736,1.4,19,1990-06-17,Credit card
ID513535,Jerry Wilson,meganjimenez@example.com,390198,4.0,39,1973-08-27,Credit card
ID439942,Jessica Liu,wrightjill@example.net,571394,3.6,27,1980-06-04,Credit card
ID683921,Jeffrey Fowler,walterskatherine@example.com,1159988,2.4,16,2010-02-04,Bank Transfer
ID564435,Gina Downs,mayerangie@example.net,53256,1.8,68,2018-09-26,Bank Transfer
ID202948,Dawn Smith,zcharles@example.com,217978,4.7,27,2019-05-31,Bank Transfer
ID625474,Hailey Martinez,jeffreyflowers@example.net,1196544,4.1,48,1988-03-08,Bank Transfer
ID742403,Robert Johnson,jamesellison@example.net,855188,3.6,47,2001-05-30,Paypal
ID713081,Ryan Elliott,murrayryan@example.org,839032,5.0,98,1994-09-14,Paypal
ID412386,David Hernandez,qblevins@example.net,308690,3.6,79,1986-02-23,Credit card
ID349414,Maria Moreno,browncarrie@example.org,1110756,4.3,98,2000-07-03,Bank Transfer
ID566728,Walter James,michaelbrown@example.net,1041176,1.2,39,2014-10-12,Credit card
ID212845,Michael Lopez,samuelhanna@example.com,1146014,3.9,28,1992-03-11,Credit card
ID623102,Robert Tucker,vgarcia@example.net,911318,4.0,20,2021-09-21,Bank Transfer
ID676738,Deborah Davis,sarah87@example.org,970462,1.3,92,1981-01-27,Paypal
ID874551,Scott Bridges,laurie11@example.com,968056,1.8,24,2018-08-16,Paypal
ID341752,Charles Thomas,lovechris@example.com,388286,4.4,87,2017-06-23,Bank Transfer
ID460419,Thomas Coleman,gambleyvonne@example.org,400976,1.8,87,1995-12-26,Credit card
ID527386,Sandra Jimenez,ethan36@example.org,814206,3.2,95,2014-10-13,Credit card
ID991950,Meghan Williams,david76@example.net,349586,4.2,77,1984-02-06,Credit card
ID411384,William Wright,hnguyen@example.net,1137738,3.8,25,1982-01-17,Paypal
ID690307,William Pearson,schwartzcharles@example.org,73044,1.9,97,2022-08-02,Credit card
ID966117,Teresa Young,owolfe@example.net,1127048,2.3,80,2020-08-13,Credit card
ID221903,Helen Long,dmaddox@example.net,805630,1.0,86,2006-10-10,Bank Transfer
ID322358,Jermaine George,olsonrobert@example.net,667744,2.1,23,1975-06-22,Bank Transfer
ID882675,James Wagner,jordandunn@example.net,477634,4.8,76,2024-05-11,Bank Transfer
ID831804,Sarah Madden,kristinemurphy@example.org,945194,4.5,52,2020-11-03,Credit card
ID381775,Edward Keller,cassidy99@example.net,422918,4.3,76,2016-12-08,Credit card
ID926626,Philip Valdez,urich@example.org,822926,1.1,8,1981-04-13,Credit card
ID827166,John Rodriguez,amy86@example.org,371490,2.3,37,2009-10-04,Paypal
ID186845,John Lawson MD,ryanbanks@example.com,756050,3.6,95,1986-04-28,Paypal
ID497034,Lindsay Nelson,nielsenjennifer@example.com,885342,3.2,70,2009-02-21,Paypal
ID766726,Raymond Lloyd,ronald07@example.net,985922,2.3,35,2001-04-18,Credit card
ID895341,Christopher Alvarado,grahamjoel@example.net,958132,1.5,79,2022-10-15,Bank Transfer
ID995757,Sonya Anderson,leerobert@example.org,327962,4.8,34,1990-10-06,Credit card
ID498655,Yolanda Patterson,ybryant@example.net,459926,5.0,2,2025-07-21,Bank Transfer
ID665570,Kimberly Edwards,sandra56@example.org,482924,4.1,76,1993-01-11,Paypal
ID932243,Marissa Vincent,jenniferarnold@example.org,369726,3.8,37,1999-05-03,Bank Transfer
ID492793,Brianna Jackson,beckerchristine@example.net,1113008,4.9,71,1970-12-10,Credit card
ID461288,Leslie Wade,john26@example.net,808542,2.2,67,2015-12-01,Paypal
ID440110,Matthew Hunt,larry81@example.com,511934,2.5,31,2015-12-16,Bank Transfer
ID672150,Jeffrey Barrett,nealcrystal@example.org,772618,4.6,20,2010-03-24,Bank Transfer
ID496079,Virginia Jones,brandon23@example.org,1134692,4.8,97,2015-06-23,Bank Transfer
ID382324,Michael Barron,dtrujillo@example.net,1169378,1.5,32,2022-02-03,Paypal
ID964533,Colleen Martin,ronaldwilliams@example.org,564966,1.1,54,2017-03-25,Paypal
ID833733,Leslie Macdonald,jdavis@example.org,173134,1.2,5,2004-11-19,Credit card
ID339551,Courtney Higgins,gabrielbanks@example.com,902480,1.6,69,1998-01-21,Credit card
ID612108,Karen Simpson PhD,patriciabooker@example.net,255280,2.0,91,1986-01-31,Credit card
ID819153,Taylor Cooper,kennethramos@example.com,899240,3.2,67,1976-04-18,Bank Transfer
ID705419,Danielle Gonzales,guerrajoseph@example.org,65105,4.3,73,2002-03-16,Credit card
ID284001,Nina Fuller,ntorres@example.net,392478,4.5,52,1985-03-26,Paypal
ID441095,Grant Ritter,anthonyharris@example.net,712994,2.5,23,2017-04-05,Bank Transfer
ID558393,Andrew Owen,oowens@example.com,180372,1.4,14,1973-03-02,Bank Transfer
ID455860,Allison Farrell,alexisatkinson@example.org,1269190,2.8,98,2012-12-18,Paypal
ID549861,Jennifer Bryant,dustin75@example.net,218658,1.4,75,2005-04-04,Credit card
ID788004,Alejandra Bishop,aaron48@example.com,1160066,2.4,6,1974-11-16,Credit card
ID565709,William Rivera,brighttony@example.com,306556,3.7,61,2011-08-18,Credit card
ID803005,Joyce Smith,davidzimmerman@example.com,55136,4.9,79,1994-08-28,Bank Transfer
ID338842,Daniel Wade,currytaylor@example.net,19164,1.5,6,2001-05-13,Credit card
ID885770,Christopher Barnett,ajones@example.org,742392,1.7,17,1993-08-25,Bank Transfer
ID354488,Adriana Garrett,jasmine57@example.net,850726,2.6,11,1983-09-06,Credit card
ID727640,Tracy Wright,wgarcia@example.net,1080466,4.7,29,1989-04-10,Paypal
ID951080,Kayla Huff,phillipsjeffrey@example.net,1047968,3.2,97,1980-05-31,Paypal
ID317837,Jennifer Clarke,rlowe@example.net,200722,2.6,67,1984-10-30,Bank Transfer
ID707485,Patricia Blake,matthewwoods@example.net,11174,5.0,29,2012-11-29,Bank Transfer
ID972626,Robert Bell,onelson@example.net,635248,2.0,3,1995-08-14,Bank Transfer
ID296158,Alvin Brown,tanya29@example.net,991290,4.0,92,2020-08-08,Paypal
ID515402,Brian Branch,nmiller@example.net,57415,1.8,3,2013-03-07,Credit card
ID650440,Katherine Lee,kathryn15@example.com,199822,2.1,20,2016-04-12,Bank Transfer
ID501627,Amber Gilbert,taylorstephanie@example.com,544176,4.3,51,2000-12-05,Credit card
ID885116,Maria Parker,zacharycook@example.com,42643,1.6,30,2023-07-01,Paypal
ID733012,Jose Patterson,umoore@example.net,561800,2.3,1,2018-01-27,Credit card
ID894921,Joshua Williams,melissa55@example.com,1025536,4.9,47,1991-11-12,Credit card
ID985883,Edward Ramirez,gonzaleskevin@example.com,373716,4.7,68,1971-01-21,Paypal
ID275225,Tracy Parker,jennagallegos@example.com,709536,4.5,47,2020-06-08,Paypal
ID850407,Michael Walker,robert55@example.com,824412,3.4,90,1977-07-04,Credit card
ID430037,Randall Medina,ddavenport@example.com,372234,4.3,21,1983-01-29,Credit card
ID746974,Nicole Young,collinsjennifer@example.net,385662,4.6,11,2017-09-11,Credit card
ID410528,Pamela Miller,cfloyd@example.net,400130,1.3,57,1982-06-22,Paypal
ID466181,James Marsh,tchoi@example.com,1168910,1.8,10,2000-12-28,Credit card
ID958592,Kim Adams,youngchristina@example.com,49553,4.7,16,1977-07-23,Paypal
ID880835,Michael Diaz,christine41@example.com,411168,4.4,98,2024-02-19,Paypal
ID759417,Gary Garcia,lindsey28@example.org,855764,2.2,58,1978-11-12,Bank Transfer
ID238224,Dillon Frazier,jenniferthomas@example.org,40039,3.7,20,2003-05-01,Bank Transfer
ID774420,Jasmine Payne,jessicagoodwin@example.org,1194244,3.7,64,1989-07-04,Credit card
ID210001,John Nguyen,jennifer87@example.com,661878,3.7,14,1971-02-26,Bank Transfer
ID207627,Michael Soto,davidperez@example.org,74016,4.1,68,1978-08-18,Bank Transfer
ID150658,Ryan Kelley,osparks@example.net,746432,2.5,35,2011-01-19,Paypal
ID670096,Valerie Larson,youngoscar@example.com,757508,2.7,87,1992-10-27,Paypal
ID904755,Frank Gonzalez,dennisroy@example.net,597256,4.1,60,1995-12-20,Paypal
ID810584,Scott Blair,lopezjohn@example.org,955748,2.8,71,1973-10-18,Credit card
ID664819,Jacob Farmer,lindsey33@example.org,344348,1.5,28,2003-01-21,Credit card
ID708686,Christopher Bennett,onelson@example.org,255280,2.0,43,1998-04-09,Bank Transfer
ID373329,Joseph Nelson,vprice@example.org,1272282,1.6,33,1982-09-14,Credit card
ID918099,Cynthia Rivera,nicholas79@example.org,661780,2.7,35,2008-12-13,Credit card
ID363436,Derek Wilson,millspaul@example.com,661628,2.8,86,2019-03-21,Paypal
ID486690,Mark Gonzalez,thoward@example.org,411778,4.8,44,1973-06-30,Paypal
ID253415,Anthony Smith,cristian38@example.com,79364,1.7,69,1974-10-17,Paypal
ID647619,Andrew Bush,dixonjoshua@example.org,1119092,4.4,22,2013-03-27,Paypal
ID816866,Joseph Powell,lovejennifer@example.net,634754,4.0,71,2018-08-26,Paypal
ID838577,Albert Merritt,tamaraberger@example.com,295843,1.3,46,2004-01-05,Paypal
ID905549,Julia Mccall,xclark@example.com,597716,2.6,1,1997-12-27,Bank Transfer
ID393176,Scott Richard,michellemckenzie@example.org,1109150,3.4,8,1977-10-23,Paypal
ID607641,Katherine Burch,samuelallen@example.com,923146,4.0,64,1981-11-09,Bank Transfer
ID261258,Taylor Rodriguez,mhenderson@example.com,1003568,4.6,98,1990-03-22,Paypal
ID572801,John Cook,alex90@example.org,477702,4.2,6,2022-03-14,Bank Transfer
ID346410,Brittany Houston,jimmymendoza@example.org,750934,4.4,28,1974-09-24,Credit card
ID716899,Jeffrey Bauer,kimberlychen@example.net,1142428,3.6,64,2019-06-08,Bank Transfer
ID198387,Cassandra Rodriguez,johnsonmarissa@example.net,818572,3.9,47,2000-11-05,Credit card
ID355357,Seth Short,smithmatthew@example.com,773934,3.6,24,1996-06-25,Bank Transfer
ID772097,Nicole Jones,gerald71@example.com,1109926,3.8,67,1999-01-13,Paypal
ID184232,Toni Jackson,torresabigail@example.net,671548,4.5,53,1978-09-01,Credit card
ID447601,Jennifer Diaz,georgecontreras@example.org,998872,1.5,48,2018-04-13,Credit card
ID989212,Nicholas Shepherd,lwilliams@example.com,1270392,3.6,51,1995-08-19,Bank Transfer
ID352508,Lisa Wallace,fdoyle@example.org,343818,3.0,21,1983-07-31,Credit card
ID369192,Kevin Vasquez,hholmes@example.com,249376,4.0,63,1990-08-13,Bank Transfer
ID681991,Charles Reyes,twalter@example.net,98706,1.0,3,2013-01-23,Paypal
ID500284,Natasha Jones,ashley52@example.org,35409,3.3,4,2024-08-01,Bank Transfer
ID804886,Kristin Pham,larsondustin@example.com,1199780,4.6,17,2001-02-12,Credit card
ID542050,Jessica Lewis,rowejeffrey@example.org,443584,1.4,6,1976-06-28,Credit card
ID841808,Sherry Le,dthompson@example.net,206986,5.0,12,2004-09-20,Paypal
ID184633,Eric Grimes,eric73@example.net,895040,4.1,17,2013-09-29,Credit card
ID611925,Robert Johnson,marco36@example.org,619296,4.3,98,1991-09-08,Credit card
ID676327,Kaylee Dunlap,casecrystal@example.com,72262,2.4,4,2006-01-18,Paypal
ID981284,Katelyn Buckley,cooperandrew@example.org,1085064,2.1,92,1996-11-07,Credit card
ID680555,Miguel Baker,vaughanjames@example.net,496430,3.7,27,1971-09-03,Bank Transfer
ID180079,Sharon Williams,lkim@example.org,436210,4.0,79,1974-01-21,Bank Transfer
ID683379,Elizabeth Garrison,michaelmartinez@example.net,749560,2.2,80,1986-12-10,Bank Transfer
ID186018,Nicole Cruz,heidi03@example.net,1057242,4.7,37,2021-05-08,Credit card
ID367608,Micheal Wright,kevin90@example.com,1078208,2.9,6,2026-05-29,Paypal
ID762677,Jared Gomez,claudiaacosta@example.com,398224,3.8,26,1989-09-18,Bank Transfer
ID985609,Brian Harvey,paige13@example.com,1227792,1.4,57,2021-10-05,Credit card
ID885723,Mark Hardin,yangkevin@example.org,1198302,2.7,45,1994-03-20,Bank Transfer
ID592083,Mr. Brandon Hart,vhodge@example.com,958132,3.1,97,1982-09-15,Bank Transfer
ID140404,Amanda Ball,sydneyharrison@example.net,338926,1.3,32,2000-03-20,Paypal
ID234312,Matthew Turner,jeremiah31@example.com,910624,2.2,39,2025-02-04,Credit card
ID869984,Erika Schmidt,awilliams@example.net,255604,1.3,75,1976-05-17,Bank Transfer
ID696331,Amber Nguyen,jefffreeman@example.org,773824,1.9,54,2023-11-23,Credit card
ID455239,Tanner Russell,hrodriguez@example.org,950748,4.9,45,1983-04-24,Paypal
ID762595,Michael Olson,johnsonann@example.org,344348,3.8,59,1987-12-25,Bank Transfer
ID157577,William Sullivan,jamestasha@example.com,1217948,2.8,99,2025-08-04,Credit card
ID630330,Adam Hughes,westrebecca@example.net,173776,4.4,83,2023-02-13,Credit card
ID321345,Sean Owens,xlee@example.com,875882,3.3,40,1995-07-14,Credit card
ID922323,Douglas Moody,zdavis@example.com,147104,4.3,7,2025-11-07,Credit card
ID906565,Christopher Matthews,william01@example.net,1042382,1.6,71,1975-08-18,Paypal
ID854979,Shawn James,alvaradomichael@example.com,1194244,1.1,56,2025-04-05,Bank Transfer
ID524756,Jessica Gibson,amylawson@example.net,1101204,1.9,87,1990-12-08,Paypal
ID138622,Margaret Perez,bowennathaniel@example.net,1170626,3.4,36,1974-10-03,Bank Transfer
ID992761,Jennifer Jones,jordan12@example.com,92760,1.9,76,2004-02-24,Credit card
ID925642,Ralph Wood,rachel84@example.com,520302,4.0,20,2025-08-15,Paypal
ID588198,Amanda Olsen,ssims@example.net,634932,1.5,19,2016-10-19,Paypal
ID223615,Mark Haney,ncisneros@example.com,665278,3.8,68,1982-07-04,Paypal
ID507272,Jerry Thomas,adam46@example.net,51752,2.6,34,1996-05-28,Bank Transfer
ID730634,Kevin Andersen,madisonnunez@example.net,708674,2.6,33,2015-03-20,Bank Transfer
ID309017,Ronald Graham,charlesbennett@example.net,944886,4.2,17,1993-03-23,Paypal
ID316259,Mark Erickson,jeremy52@example.net,42251,4.8,47,1974-04-13,Credit card
ID566091,Jeffrey Hill,jacksoncameron@example.org,200742,1.3,44,1997-11-27,Paypal
ID616732,Veronica Mitchell,dawnmartin@example.com,250902,2.0,48,1983-08-31,Bank Transfer
ID683429,Paul Knight,crystal44@example.org,965306,1.5,72,2016-03-08,Credit card
ID321069,Amanda Anderson,umartin@example.com,581598,3.0,50,2005-12-22,Paypal
ID433739,Alexandra Stevenson,rwarren@example.org,403602,5.0,99,2023-07-19,Bank Transfer
ID882378,Carlos Lee,jamespage@example.com,212506,2.2,28,2021-05-25,Paypal
ID324715,Thomas Mathews,ana33@example.org,543212,2.7,51,2025-12-12,Paypal
ID277182,Brooke Ramirez,hobbsanna@example.net,138004,2.7,73,1989-06-08,Bank Transfer
ID230027,Arthur Miller,mark56@example.com,193916,3.5,20,1998-11-06,Credit card
ID518121,Catherine Saunders,davidware@example.net,1217948,1.8,91,2005-10-16,Paypal
ID277967,Matthew Tyler,debraharris@example.com,680180,5.0,30,2011-04-02,Paypal
ID563090,Jack Nunez,rachelbrown@example.net,876646,4.3,55,2015-01-15,Bank Transfer
ID815877,Timothy Wyatt,perkinsashley@example.org,1084894,1.1,94,2012-08-08,Bank Transfer
ID426921,Michael Knight,johnsonmark@example.org,551170,1.1,54,1980-06-10,Bank Transfer
ID499756,Julie Saunders,reyestina@example.com,1076424,2.7,92,2004-07-18,Paypal
ID961538,Philip Simpson,stephaniewilson@example.org,1058530,4.1,74,2021-02-22,Bank Transfer
ID392842,Leslie Bailey,timothy66@example.net,615084,2.2,87,2000-08-31,Credit card
ID403122,Elizabeth White,wross@example.org,585496,2.6,17,2007-09-19,Paypal
ID253028,Amy Wade,kmartin@example.org,566910,3.6,9,2024-04-05,Credit card
ID541900,Ashley Grant,michael29@example.org,718338,2.6,13,2000-05-22,Paypal
ID610234,Judith Carter,berryjustin@example.org,573716,4.1,4,2010-05-24,Credit card
ID615467,Michelle Torres,louis99@example.com,218658,3.4,69,1974-03-25,Bank Transfer
ID811492,Melissa Wheeler,crystalhill@example.org,1045886,3.1,3,1993-10-31,Credit card
ID202095,Justin Patton,diana20@example.com,430992,2.5,20,1977-10-19,Bank Transfer
ID970656,Ryan Rodriguez,maureen11@example.net,28556,4.7,44,2026-02-28,Bank Transfer
ID880887,Lisa Lewis,zadams@example.org,514496,4.4,17,2004-07-08,Bank Transfer
ID524328,Richard Gray,dwhite@example.org,551170,3.1,60,2006-07-03,Credit card
ID583605,Dennis Johnson,ndavis@example.org,172898,4.6,80,2016-02-27,Bank Transfer
ID641201,Darlene Cox,coxjorge@example.net,42642,1.1,17,2003-05-29,Credit card
ID324760,Karen Williams,jackburch@example.com,420652,1.6,3,2018-07-31,Bank Transfer
ID137950,Valerie Allen,lisa52@example.com,672086,2.3,31,1976-06-07,Bank Transfer
ID237149,Brittney Washington,erika91@example.net,207440,1.7,1,2009-06-09,Credit card
ID604568,Ashley Gould,emily34@example.net,977516,4.8,72,1984-09-12,Credit card
ID952706,Jason Brown,katrinalewis@example.net,899492,1.5,9,1982-02-23,Bank Transfer
ID794786,Donna Garcia,fernandezrobert@example.org,25794,3.3,95,2015-04-16,Paypal
ID752458,Alicia Cox,mjuarez@example.com,177584,1.0,41,2002-12-06,Paypal
ID544515,James Foster,john24@example.org,1153854,4.7,67,2022-08-15,Paypal
ID983404,Timothy Schmidt,stouttaylor@example.org,810234,4.3,26,1975-04-16,Credit card
ID781584,Alejandra Hubbard,michaelwright@example.net,501384,3.7,94,1977-02-02,Bank Transfer
ID396615,Alison Reed,sthompson@example.com,552504,4.9,38,1971-12-30,Paypal
ID604666,Joseph Conrad,newmanstephen@example.com,1005658,2.0,15,2008-09-15,Credit card
ID351547,Vanessa Adams,kathleen76@example.net,865634,2.5,1,1976-06-23,Credit card
ID241264,Rebecca Clarke,ronniemcintyre@example.org,1009622,3.8,14,1984-01-06,Paypal
ID904515,Steve Cisneros,marthabailey@example.org,902150,4.4,37,1972-10-31,Credit card
ID676438,Rebekah Barker,marissagraham@example.org,648826,3.8,29,1977-10-28,Bank Transfer
ID329266,Karla Johnson,cobbdaniel@example.org,941310,1.0,3,1973-02-25,Bank Transfer
ID245667,Colleen Farley,kevin09@example.net,1177156,1.6,26,1973-08-17,Bank Transfer
ID624917,Bruce Wells,johnibarra@example.org,1031648,2.7,46,2025-06-09,Credit card
ID189301,Jacob Baldwin,kimberly42@example.net,405488,2.5,21,1996-10-27,Bank Transfer
ID606849,Alex Perez,cesarharris@example.com,222062,3.3,39,1970-10-30,Paypal
ID254803,Derrick Ellis,lopezjordan@example.net,59014,4.3,68,1993-10-05,Paypal
ID717240,Robin Curtis,jenniferwilliams@example.com,1048302,3.6,48,1995-07-23,Bank Transfer
ID579008,Sherry Khan,tgill@example.org,356060,1.4,14,1977-08-20,Bank Transfer
ID749083,Timothy Butler,jacobsonmatthew@example.org,581256,4.0,84,1974-10-24,Bank Transfer
ID448147,Trevor Fisher,nramirez@example.net,637452,3.0,27,2003-05-06,Bank Transfer
ID548506,Jeremy Gregory,joshua11@example.net,64585,5.0,4,1997-12-16,Bank Transfer
ID329331,Rebecca Castillo,donaldgreen@example.com,957362,4.6,80,1988-04-25,Paypal
ID380986,Sierra Shaffer,austinmartin@example.net,1120554,4.4,30,1990-09-21,Bank Transfer
ID877731,Angela Compton,stevemccarthy@example.org,1036170,2.0,86,2009-02-08,Bank Transfer
ID123503,Sarah Gonzalez,lopezstephen@example.com,1174086,4.6,84,1998-05-26,Bank Transfer
ID793921,Heather Torres,stonemaria@example.com,733922,3.0,20,1970-05-24,Bank Transfer
ID508898,Christopher Williamson,awilliams@example.com,814474,3.3,45,2024-07-03,Bank Transfer
ID759293,John Knight,qturner@example.org,269006,1.9,7,1976-01-16,Credit card
ID427219,Anthony Bryan,umullen@example.com,641732,2.5,51,1987-02-26,Credit card
ID637027,Thomas Keller,ashley86@example.net,572744,3.7,72,1977-01-26,Credit card
ID994221,Cheryl Long,meadowsamanda@example.net,1230950,2.1,32,2005-11-21,Credit card
ID214436,Travis Thomas,bishoplaura@example.net,468182,2.8,100,1977-02-04,Bank Transfer
ID340435,Gabrielle Morales,raymondwendy@example.com,530246,3.1,91,1982-06-22,Credit card
ID507329,Ryan Lewis,wilsontimothy@example.com,399170,2.9,36,1972-03-06,Credit card
ID965054,Annette Ball,nathan49@example.org,900794,1.1,4,2000-08-30,Bank Transfer
ID325685,Mary Rodriguez,brenda15@example.org,660460,1.5,26,1997-01-19,Paypal
ID762475,Elizabeth Jones,kthomas@example.net,984072,5.0,77,2024-10-23,Credit card
ID353733,Kim Jenkins,tleonard@example.com,778112,4.4,44,1988-10-21,Bank Transfer
ID743738,Jerome Jones,bullockcarl@example.org,854694,4.4,29,1993-04-09,Paypal
ID558668,Michael Barnes,eugenethornton@example.org,542950,2.8,2,1999-04-14,Bank Transfer
ID563383,Rachel Espinoza,fsummers@example.org,644020,1.5,28,2013-09-26,Credit card
ID171741,Jordan Carlson,josephburton@example.org,22825,4.8,28,2009-02-13,Paypal
ID387378,Jeffrey Austin,tapiajessica@example.org,742142,1.1,5,1993-08-23,Credit card
ID443481,Victoria Wilson,fdaniels@example.org,634754,2.1,43,2013-01-04,Credit card
ID186464,Angelica Howell,christianpeterson@example.org,242574,2.8,4,2017-10-18,Credit card
ID714678,Deborah Watson,katiekelley@example.com,707688,2.9,77,1985-11-02,Bank Transfer
ID226770,Lauren Meyers DVM,phamtimothy@example.net,22825,1.6,92,2020-12-06,Credit card
ID254573,Terry Stephens,angelakeller@example.com,923146,2.0,39,1978-03-11,Paypal
ID331458,John Figueroa,fdunn@example.org,674354,3.4,91,2025-08-04,Credit card
ID178385,Alex Beck,zrichardson@example.com,778226,3.2,53,1983-10-17,Paypal
ID469277,Thomas Stevens III,meganmatthews@example.org,188584,3.0,13,1971-06-14,Bank Transfer
ID337658,Wendy Murphy,gilbertkathleen@example.com,761938,4.5,13,1996-08-14,Credit card
ID675702,Julie Nicholson,robert77@example.org,1009068,3.8,91,1984-11-21,Bank Transfer
ID861185,Frank Collins,susan11@example.org,706942,2.9,100,1985-12-23,Paypal
ID954314,Joel Williams,thomasporter@example.net,1072220,1.9,92,2011-01-25,Credit card
ID419622,Greg Thornton,davidsmith@example.org,810234,2.1,87,2011-11-16,Credit card
ID287148,Kevin Walsh,obrienpamela@example.net,707224,2.2,58,1997-10-04,Bank Transfer
ID579027,Jessica Sandoval,eric65@example.org,772480,2.4,99,1986-11-22,Credit card
ID497205,Victor Lewis,reyesemily@example.org,616564,1.4,40,1982-11-24,Credit card
ID227546,Antonio Boone,shawteresa@example.net,1036400,4.2,49,1999-12-12,Paypal
ID645043,Joel Smith,vblevins@example.com,248338,3.9,9,1993-12-22,Paypal
ID855272,Matthew Young,chadsmith@example.net,482834,3.0,43,1995-09-18,Paypal
ID813791,Jeffrey Little,patrick01@example.com,362360,1.3,30,1978-03-10,Credit card
ID854949,Stephen Powell,cassandramorales@example.net,241590,1.1,70,1972-04-05,Paypal
ID216903,Megan Thompson,gleon@example.com,933110,2.2,13,2004-04-29,Credit card
ID674580,Rachael Gutierrez,grantchristopher@example.com,759262,1.7,94,2019-12-03,Paypal
ID169188,Edward Brooks,lisa68@example.net,640496,3.3,9,2019-08-27,Paypal
ID169868,Mark Martin,frazierjerry@example.net,339086,2.4,6,2003-02-24,Bank Transfer
ID474529,Melvin Mooney,samanthaadams@example.org,394636,1.5,45,2012-02-25,Paypal
ID712935,Rebecca Butler,zlee@example.net,514036,4.9,38,2024-12-05,Bank Transfer
ID916286,Michael Nichols,tgibson@example.net,283780,3.0,59,2001-02-02,Bank Transfer
ID862317,Norma Smith,dharmon@example.com,1174974,1.6,8,1989-04-02,Paypal
ID669195,Benjamin Peterson,kathleenthompson@example.net,993754,1.6,11,2004-09-07,Paypal
ID166686,Joseph Roberts,maria56@example.com,515260,4.5,4,2015-09-03,Credit card
ID799868,Kellie Hobbs,elizabethkaiser@example.com,692918,1.0,69,1976-08-15,Paypal
ID997689,Kathryn Francis,stanleycarter@example.net,73938,2.8,7,1974-05-24,Credit card
ID750919,Renee Riley,dbrown@example.net,514398,1.7,14,2024-09-02,Paypal
ID660728,Kevin Oneal,stephen52@example.com,928040,2.6,27,1978-06-25,Bank Transfer
ID884468,Alison Avila,richardyoder@example.com,972126,1.1,22,1978-09-01,Paypal
ID806291,Brenda Hall,stephaniemiller@example.org,413180,3.0,88,2022-12-10,Paypal
ID270427,Virginia Li,paulaweaver@example.org,1196544,3.3,89,2007-10-26,Credit card
ID301613,Daniel Bell,parkermichelle@example.net,812610,3.4,5,2008-11-26,Credit card
ID765471,Mark Herrera,usanchez@example.org,1240522,4.8,90,1977-08-08,Bank Transfer
ID306567,Richard Davis,daviskevin@example.net,283038,1.6,30,2011-05-14,Bank Transfer
ID262179,Christopher Allen,benjamin42@example.net,597164,1.7,27,1981-06-15,Paypal
ID867324,Victoria Buchanan,mikechristensen@example.com,552606,3.5,14,1983-09-04,Paypal
ID530419,Aimee Mendoza,myerscharles@example.org,796486,2.9,35,2001-04-08,Credit card
ID355489,Michelle Schmidt,joshua84@example.com,446478,3.3,96,2021-02-26,Credit card
ID658104,Steven Mendoza,melissa77@example.org,831294,2.9,35,1997-09-19,Paypal
ID249818,Victor Collins,paulpittman@example.net,252950,4.4,87,1998-04-06,Paypal
ID226039,Tammy Taylor,ohamilton@example.com,419308,4.9,53,2022-01-31,Bank Transfer
ID431908,Marc Roberts,katherinewise@example.org,421546,4.2,67,1970-01-05,Bank Transfer
ID708878,Melissa Murray MD,uaustin@example.com,144222,4.8,65,1971-09-02,Credit card
ID390695,Brandy Ferguson,kevinsnyder@example.org,208126,2.3,17,2010-05-22,Credit card
ID388076,Christina Cardenas,vthompson@example.org,504036,3.2,24,1991-06-07,Bank Transfer
ID491193,Wesley Williams,fanderson@example.org,1100628,3.6,56,2018-08-08,Paypal
ID364799,Nicholas Ramirez,corey66@example.org,803058,1.4,44,2023-05-19,Paypal
ID305672,Elizabeth Ochoa,halljuan@example.org,970462,4.4,73,2024-05-22,Bank Transfer
ID884425,Laurie Villarreal,vdrake@example.org,939668,3.6,44,1990-05-21,Credit card
ID124757,Dr. Cole Martinez,jesse08@example.com,365816,2.7,17,1985-12-31,Bank Transfer
ID459988,George Andrews,richardryan@example.com,917172,3.4,83,1972-01-13,Paypal
ID299402,Crystal Campbell MD,williamthomas@example.org,1227748,1.3,20,1991-05-22,Credit card
ID447533,Deborah Jackson,carrillojessica@example.net,349142,1.9,20,1972-06-22,Credit card
ID437731,Valerie Cuevas,kingsophia@example.net,574974,1.5,55,1984-08-13,Paypal
ID675494,Garrett Thompson,martinmaureen@example.net,40670,2.4,77,1970-03-16,Bank Transfer
ID711783,Patricia Bennett,pattersonholly@example.com,1031698,2.7,91,2021-03-14,Paypal
ID340940,Amanda Boone,oscar69@example.com,824412,4.7,35,2001-05-16,Paypal
ID959370,Emily Smith,torresmelissa@example.com,525034,2.6,97,2020-01-13,Credit card
ID508481,Janet Wilson,sjohnson@example.org,30318,2.8,21,2003-03-14,Bank Transfer
ID634835,Nicholas Harvey,wcarter@example.com,674040,2.4,35,2024-11-07,Paypal
ID462611,Eric Gonzalez,proberson@example.net,388164,3.6,25,2005-09-04,Paypal
ID631597,William Jones,monica79@example.org,1122306,3.3,53,1993-06-30,Credit card
ID284333,Adam Valdez MD,zsexton@example.net,212394,2.9,52,1998-01-27,Credit card
ID476635,Kayla Clark,hugheseduardo@example.net,1193950,4.9,3,1973-06-23,Credit card
ID672161,Christian Nelson,michellespence@example.org,530426,2.7,93,1972-07-24,Bank Transfer
ID507685,Roger Drake,gonzalezryan@example.net,40039,4.5,5,1999-06-04,Bank Transfer
ID450067,Jennifer Cruz,zbradley@example.net,556922,3.8,95,1989-11-04,Bank Transfer
ID177614,Michael Harris,mendozajames@example.net,340362,3.9,81,1971-01-21,Credit card
ID921641,Matthew Baker,andersonstephanie@example.org,641732,2.1,41,1986-01-21,Bank Transfer
ID970894,Heather Escobar,stuartjames@example.net,408232,5.0,36,2001-10-17,Paypal
ID556871,Evelyn Ritter,tsantos@example.com,546832,4.4,13,2013-11-06,Credit card
ID195672,Joshua Hernandez,cherylberger@example.com,871682,1.2,13,2018-09-08,Bank Transfer
ID308774,Connie Brown,christopher66@example.com,15611,4.8,34,1991-02-10,Paypal
ID118173,Stephanie Acosta DDS,jeffreyhowell@example.org,966522,1.3,24,2007-09-18,Paypal
ID299159,Jessica Evans,pinedajessica@example.com,1034074,4.2,6,2020-11-25,Credit card
ID934276,Amber Juarez,amy82@example.net,280194,2.2,82,2010-02-07,Paypal
ID484594,Robert Cox,phillipsmichael@example.com,1095488,4.4,36,2001-11-22,Paypal
ID643554,Nathan Alvarez,scottthompson@example.org,396238,3.5,83,2000-10-05,Bank Transfer
ID993821,Kyle Byrd,vmarshall@example.org,235104,2.7,43,2017-12-04,Paypal
ID562572,Timothy Coleman,jason26@example.com,657050,4.0,55,2004-04-16,Paypal
ID530319,Corey Palmer,bcarr@example.net,814474,1.2,21,2019-08-27,Credit card
ID648165,Jennifer Yates,jeffrey60@example.org,218856,4.5,91,1994-12-20,Bank Transfer
ID491836,Brian Wilson,whoffman@example.org,696616,1.3,89,1970-11-23,Bank Transfer
ID917805,Cindy Oliver,lguzman@example.net,1010274,1.3,46,1978-04-03,Credit card
ID787749,Bryan Acevedo,antoniojohnson@example.org,381330,2.8,43,2005-11-09,Bank Transfer
ID309617,Timothy Pittman,montgomerytina@example.net,1125728,1.9,4,1975-04-16,Credit card
ID322271,Scott Hernandez,qwright@example.org,468726,3.0,28,2021-08-30,Paypal
ID603594,Adam Andrews,amanda40@example.org,1049092,2.0,39,1996-03-19,Paypal
ID957397,Kimberly Alexander,teresawatson@example.org,837322,1.8,35,2020-02-26,Credit card
ID545257,Savannah Mcgee,francisjerry@example.net,410196,1.6,76,2002-07-24,Paypal
ID402410,Jeremiah Garcia,morgan72@example.net,701636,2.2,14,2007-07-30,Bank Transfer
ID618811,James Wheeler,boydthomas@example.com,1042110,2.5,2,1990-03-05,Bank Transfer
ID306836,Phillip Bailey,kristin37@example.net,314462,4.1,25,2004-01-02,Credit card
ID747411,Marco Jones,wilsonphilip@example.net,808506,3.2,25,2016-10-02,Credit card
ID523633,Gloria Chan,xsantos@example.net,349144,3.9,40,1998-09-29,Bank Transfer
ID574778,Crystal Hernandez,erik92@example.org,382824,2.0,6,1975-05-11,Bank Transfer
ID947644,Shannon Marshall,singhcaitlin@example.net,954036,1.1,89,1981-09-26,Credit card
ID621949,Shannon Garcia,johnmiller@example.net,1226518,3.4,19,1980-08-16,Credit card
ID302122,Melissa Evans,yolanda17@example.com,1020722,2.1,83,1983-01-12,Bank Transfer
ID214438,Sara Garcia,adriennebarton@example.com,1146368,2.4,11,2019-11-06,Bank Transfer
ID864452,Joseph Harrison,copelandcarmen@example.net,1205894,2.2,26,1988-02-28,Credit card
ID786067,Ronald Henderson,robert90@example.com,1249164,3.2,36,2009-10-06,Paypal
ID271328,Justin Johnson,jasondavis@example.com,721274,3.4,60,2014-01-03,Credit card
ID548116,Jennifer Mitchell,jacksonfrank@example.net,1034074,1.7,53,1975-11-22,Credit card
ID232722,James Austin,xclark@example.com,420982,4.1,6,1980-12-30,Paypal
ID137393,John Brown,bpowell@example.net,424770,3.4,20,1983-07-31,Paypal
ID994557,Rachel Obrien,warelauren@example.com,1164568,4.5,83,2011-04-05,Credit card
ID509936,Jose Smith,walkerjoseph@example.org,1005658,4.0,55,2019-12-15,Bank Transfer
ID813473,Melissa Parker,randymay@example.com,1274846,4.6,58,1996-07-16,Bank Transfer
ID854523,Destiny Bennett,brettbranch@example.net,167316,3.7,15,1971-09-01,Bank Transfer
ID792350,Hannah Griffith,rsalas@example.com,749542,1.3,52,2024-09-16,Bank Transfer
ID334813,Charles Fischer,mowens@example.net,574428,2.6,89,1998-01-28,Bank Transfer
ID860636,Brandi Brown,flloyd@example.org,1056242,4.8,41,1984-01-12,Credit card
ID863803,Jeremy Morris,hthomas@example.com,188828,1.3,26,2025-08-25,Paypal
ID443543,David Silva,justinmorrison@example.com,686764,3.4,45,2008-11-05,Credit card
ID123455,Ana Reyes,ryanguerra@example.com,41884,3.6,61,1993-11-29,Credit card
ID448879,James Robinson,csmith@example.net,742392,5.0,76,1998-03-11,Paypal
ID493210,Brittany Harris,debrajohnson@example.net,627706,2.4,52,1987-09-19,Credit card
ID694417,Rebecca Smith,upruitt@example.org,302484,3.1,67,1992-10-01,Bank Transfer
ID813997,Thomas Compton,andrea07@example.com,546848,4.3,68,2022-07-31,Bank Transfer
ID736434,Loretta Farmer,craigfarrell@example.org,1123226,4.6,54,1976-05-07,Credit card
ID741890,Daniel Young,lowepeter@example.org,332690,3.5,12,2010-05-25,Credit card
ID128271,Justin Garcia,stevenhenderson@example.com,1134692,1.7,32,2013-06-23,Credit card
ID908178,Christopher Jackson,christierose@example.com,747552,3.9,34,2004-02-23,Paypal
ID941380,Christopher Hoffman,zacharypham@example.com,1128050,4.3,36,1988-03-24,Credit card
ID195333,Robert Hamilton,ckhan@example.net,159070,3.9,16,1976-04-09,Bank Transfer
ID498086,Yvonne Rhodes,lindseyphelps@example.com,945194,4.3,41,1991-11-29,Paypal
ID286323,Christina Lam,jessicagutierrez@example.org,642410,3.4,14,1994-03-12,Credit card
ID585046,Teresa Reed,jacksonjennifer@example.net,564268,3.0,32,2002-12-10,Bank Transfer
ID369802,Crystal Scott,smartin@example.net,863998,4.8,24,1988-10-05,Bank Transfer
ID922656,Brenda Schmidt,tmorrison@example.com,1260674,4.3,20,2020-10-17,Credit card
ID878054,Samuel Torres,andrea02@example.org,1232382,3.3,82,1994-08-13,Credit card
ID341918,Robert Richmond,rflores@example.org,854694,3.1,24,2009-11-29,Credit card
ID658496,Karen Hunter,hillkimberly@example.org,857270,2.3,78,2025-04-01,Bank Transfer
ID322725,Richard Frye,sarahhill@example.net,744080,2.4,99,1984-10-22,Paypal
ID837691,Steven Holmes,michellecarson@example.com,834226,1.0,40,2007-08-20,Bank Transfer
ID486604,Brandon Brewer,meredith46@example.org,403628,1.7,11,1980-06-30,Bank Transfer
ID443395,Whitney Payne,tayloribarra@example.org,1221942,3.2,55,1999-08-31,Bank Transfer
ID212737,Heidi Barnes,john30@example.com,403628,1.9,10,2012-07-30,Paypal
ID582119,Kevin Hayden,daniel22@example.org,207166,2.4,32,1975-10-24,Paypal
ID486092,Michael Holt,lisamalone@example.com,265960,2.7,89,2009-12-29,Bank Transfer
ID468471,Jamie Ray DDS,rebeccamoyer@example.org,266252,2.2,92,1991-04-27,Paypal
ID557886,Christopher Perry,ngeorge@example.org,989452,2.1,66,2019-09-16,Bank Transfer
ID489507,Yvette Johnson,careywilliam@example.org,766906,1.5,60,2006-02-28,Bank Transfer
ID612874,Janet Sanchez,rachel06@example.com,1181578,2.0,6,2000-02-05,Bank Transfer
ID661781,Greg Alvarez,washingtonnicholas@example.net,1151342,3.8,11,1992-06-30,Bank Transfer
ID263110,Bethany Bradshaw,melissa34@example.com,768612,4.1,35,1989-11-17,Credit card
ID225719,Albert Kelly,lisa41@example.com,365816,2.3,29,1980-04-03,Paypal
ID538749,Dr. Lauren Porter,ramosbradley@example.com,1105636,1.9,76,1997-02-17,Credit card
ID208392,Ryan Schultz,lyonsmatthew@example.org,584786,1.8,10,2006-06-22,Paypal
ID438735,Logan Ramos,michellewhite@example.net,756914,4.5,60,1982-09-22,Bank Transfer
ID590532,James Martin,jamesalvarez@example.net,628876,1.6,25,1986-11-06,Paypal
ID999979,Samuel Vance,jennifernichols@example.com,132570,2.1,99,1998-04-09,Paypal
ID382804,Mr. Travis Moss PhD,drojas@example.org,885479,1.2,53,1970-05-09,Credit card
ID411153,James Jones,steven12@example.org,609642,2.2,88,1982-12-28,Bank Transfer
ID833650,Daniel Walker,riley88@example.org,54677,2.4,41,2026-03-14,Credit card
ID708732,Austin Castillo,karenjohnson@example.org,99986,3.3,51,2007-12-03,Credit card
ID998012,Joseph Fitzgerald,floydmelissa@example.net,976598,4.5,37,1995-03-27,Paypal
ID666756,Wayne Burgess,john62@example.net,593128,2.7,75,1982-11-03,Credit card
ID817569,Destiny Scott,btaylor@example.net,743568,4.7,83,1998-02-09,Paypal
ID929526,Tanner Smith,yangrodney@example.org,637840,2.7,18,1989-11-12,Bank Transfer
ID217960,Paul Thompson,emily24@example.org,341952,4.2,53,1976-09-26,Bank Transfer
ID944983,Susan Romero,cjones@example.org,822514,3.9,16,1987-09-03,Paypal
ID682185,Daniel Rodriguez,fjones@example.org,1227748,1.7,44,1973-12-27,Credit card
ID243555,Justin Copeland,caldwellcourtney@example.net,920544,5.0,94,2002-08-12,Paypal
ID786673,Steven Sanchez,jonescharles@example.org,1036456,4.8,12,1996-03-02,Credit card
ID239580,Diana Robinson,grantdoris@example.org,218416,1.6,70,1994-06-06,Paypal
ID346764,Katelyn Fuller,shelbymorris@example.com,335280,2.6,71,1998-12-06,Bank Transfer
ID414680,Henry Little,kingcrystal@example.com,737832,1.0,43,1985-05-20,Bank Transfer
ID733793,Pamela Mason,johnrodriguez@example.com,65113,3.2,55,1972-11-02,Paypal
ID867541,Amanda Smith,kevinbrooks@example.org,70640,2.5,50,2005-01-14,Bank Transfer
ID140505,Brianna Rivers,phillip60@example.com,31150,2.9,87,1991-01-04,Credit card
ID433816,Javier Sullivan,priceadrian@example.org,594852,5.0,41,1971-03-15,Credit card
ID564632,Trevor Oliver,yhenderson@example.org,128950,3.1,5,2002-05-20,Paypal
ID851776,Noah Griffith,lewiskristin@example.net,1208638,1.5,34,1970-01-27,Paypal
ID889990,Daniel Graham,blake50@example.com,596192,2.9,67,2016-11-02,Paypal
ID649261,Julie Kelley,christopher15@example.net,255046,2.2,55,2026-04-13,Paypal
ID452271,Jordan Walker III,rcooper@example.net,704582,1.1,45,2014-02-01,Credit card
ID837301,Andrew Hubbard,barkerchristopher@example.com,191588,2.1,95,2000-07-13,Paypal
ID803372,Erica Cherry,barbara75@example.org,987666,2.7,50,1975-09-03,Credit card
ID330730,Anthony Bray,shawn44@example.org,571506,3.5,67,1972-01-13,Bank Transfer
ID648905,Heather Jones,moorealexander@example.net,631276,3.8,68,1980-07-01,Paypal
ID731095,Laura Zimmerman,msimpson@example.com,44319,2.2,85,1983-05-02,Bank Transfer
ID926515,Thomas Burke,shafferteresa@example.net,494078,3.7,91,2022-12-25,Paypal
ID259067,Emily Torres,jason86@example.org,745832,3.7,64,1983-02-06,Paypal
ID711268,Courtney Fleming,framos@example.org,327788,2.3,90,2017-09-26,Credit card
ID351549,Sara Ramirez,danabowers@example.com,1110470,2.3,59,2009-01-03,Paypal
ID227757,Austin Garcia,tanya27@example.org,936504,1.6,90,2008-05-18,Paypal
ID152460,Kristina Jenkins,yblackburn@example.org,701468,2.7,38,2019-05-10,Bank Transfer
ID376897,Charles Gardner,richardsbrian@example.net,1165588,1.8,98,1970-12-08,Credit card
ID156205,April Moore,yalvarez@example.com,643970,3.5,37,2023-08-01,Credit card
ID602014,Grace Lee,gregoryrobert@example.com,1225194,4.8,91,1981-01-21,Paypal
ID697682,Chad Vega,fowlerrobert@example.org,994312,2.0,66,2014-07-02,Credit card
ID999545,Christopher Gonzalez,jenniferpeters@example.com,611804,3.7,68,2013-02-16,Paypal
ID924823,Theresa Krueger,grossamy@example.com,814200,4.7,52,2022-02-06,Bank Transfer
ID428521,Jacob Thompson,kristina24@example.org,413618,2.1,28,2000-06-07,Bank Transfer
ID402185,Amanda Cooper,davischristopher@example.org,986272,3.8,4,1993-03-09,Paypal
ID940954,Christopher Jones MD,shannon06@example.net,915964,4.5,79,2021-04-21,Credit card
ID192791,Christina Griffin,matthew05@example.org,1269190,4.6,46,2014-06-26,Paypal
ID272878,Jenna Richardson,bmoore@example.net,656522,3.9,24,2022-12-28,Bank Transfer
ID968426,Michael Jones,jamie17@example.org,823860,4.5,99,2009-06-11,Credit card
ID451136,Shelby Moran,reynoldsmichael@example.com,1179104,1.5,67,1996-11-07,Credit card
ID899073,John Davis,kathysmith@example.net,1133764,5.0,67,2012-09-14,Bank Transfer
ID852792,Sarah Adams,imiles@example.org,302562,3.8,52,1989-08-12,Credit card
ID827385,Tara Brown,polson@example.com,1013838,2.0,22,2009-10-16,Bank Transfer
ID585839,Sarah Lin,mendezpamela@example.net,358326,3.2,89,2008-03-24,Credit card
ID237804,Heather Decker,christine57@example.org,206986,1.2,90,1980-09-26,Credit card
ID714829,Cody Adams,christinaroman@example.org,327666,2.7,88,1977-11-17,Credit card
ID948992,Janet Nixon,ramirezangela@example.net,970252,4.6,97,1970-04-12,Credit card
ID514954,Lindsay Williams,xgoodwin@example.org,358326,2.7,95,2014-12-24,Paypal
ID184572,Rebecca Nguyen,derrickoliver@example.net,1110470,4.7,30,2004-12-07,Paypal
ID951085,Diana Nguyen,marcusbutler@example.net,615600,2.5,28,2010-09-09,Bank Transfer
ID771540,Scott Williams,sethjohnson@example.net,972126,3.7,88,1979-12-07,Paypal
ID227811,Richard Singh,gonzalesseth@example.com,249126,2.8,34,1978-06-10,Paypal
ID573769,Kelly Aguilar,martinezalexander@example.net,651780,4.5,38,1995-03-17,Credit card
ID168490,Miss Amanda Paul,duncanjames@example.net,56585,3.2,97,1975-07-26,Credit card
ID875463,William Williams,erin64@example.com,382786,1.6,40,1992-04-07,Credit card
ID365750,Justin Williams,yhernandez@example.org,143028,3.3,7,2009-08-01,Paypal
ID175464,Jonathan Cooper III,michelleharris@example.org,1085646,4.8,45,2017-10-24,Bank Transfer
ID619756,Robert Sanchez,andrewirwin@example.org,564268,2.0,27,2009-11-09,Paypal
ID344613,Laurie Carter,scottross@example.com,753774,2.1,89,2005-11-06,Credit card
ID905735,Stacey Ward,fschneider@example.com,770622,3.4,25,1988-05-16,Paypal
ID675423,Jeff Long,lindseyhopkins@example.com,598846,4.3,82,1999-07-16,Paypal
ID135235,Monica Gray,jonesjames@example.org,570188,2.4,90,2023-08-02,Paypal
ID867242,Kim Bryant,cody18@example.net,471440,2.9,61,2022-02-09,Paypal
ID341356,Melissa Baker,christopher82@example.net,50587,2.5,48,2019-05-28,Bank Transfer
ID298482,Jessica Evans,lisa78@example.org,948440,3.6,27,2012-07-04,Credit card
ID990645,Maria Coleman,lindsay43@example.org,519968,2.3,98,1995-01-06,Credit card
ID259867,Brandy Burns,johnsonscott@example.net,968292,1.1,14,1984-01-17,Bank Transfer
ID886389,Jillian Parker PhD,kingsierra@example.net,505126,2.7,42,1971-11-27,Bank Transfer
ID333851,Shane Gordon,bradley79@example.net,811416,2.6,62,1995-08-18,Credit card
ID711787,Jason Sanders,pkim@example.com,787508,3.0,25,1971-12-18,Bank Transfer
ID290840,Lori Gonzales,garygallegos@example.com,857270,4.9,52,2025-11-15,Bank Transfer
ID343578,Nathan Thomas,chasemoore@example.com,662996,1.7,54,2017-05-19,Paypal
ID888874,Nicholas Howell,xbarnes@example.org,1187758,3.6,71,1978-11-02,Bank Transfer
ID989513,Rebecca Jennings,rileyderrick@example.net,245822,2.1,69,1985-09-29,Bank Transfer
ID989216,Leon Brennan,tallen@example.org,869312,3.3,23,1971-06-02,Credit card
ID328621,Daniel Cook,clarkbrianna@example.net,724436,3.2,35,1974-04-09,Credit card
ID866612,Tanya Carter,rebecca26@example.org,1190334,1.5,62,2026-04-15,Paypal
ID150965,Tyler Simon,priceian@example.org,130366,4.6,54,2006-06-19,Bank Transfer
ID265820,Hannah Thompson,javiersellers@example.net,556248,1.1,19,1989-05-17,Credit card
ID174177,Peter Mason,smithalexander@example.net,405818,2.9,36,1996-09-04,Paypal
ID438603,Christie Goodman,ojackson@example.com,868128,4.3,8,2026-06-15,Paypal
ID265670,Brittany Smith,pmercado@example.org,1073430,4.1,13,1982-08-29,Paypal
ID971083,John Owen,qhall@example.org,986832,2.3,99,2025-10-18,Paypal
ID746849,Elizabeth Crawford,obaxter@example.net,742602,3.8,8,1992-01-09,Paypal
ID321245,Stephen Mccoy,summersbonnie@example.com,1147064,3.2,49,2004-07-10,Credit card
ID441976,Karen Johnson,vasquezstacy@example.org,373716,4.8,24,2016-09-27,Paypal
ID122002,Stacey Larson,erikaho@example.org,381828,1.8,88,2003-01-16,Bank Transfer
ID860939,Sean Gonzales,kirbyjoseph@example.net,550360,1.8,66,2012-01-10,Bank Transfer
ID910086,Mrs. Laura Johnson,charleswilliams@example.com,471588,3.5,76,1977-11-07,Paypal
ID211311,Andrew Harrington,pamelavasquez@example.com,670640,1.3,18,1978-09-09,Paypal
ID292579,Steven Rubio,waltonbrooke@example.org,270844,2.9,22,2006-01-03,Paypal
ID380208,Travis Yoder,mckinneyrick@example.com,139794,4.2,50,1978-07-28,Bank Transfer
ID931208,Samantha Conner,mercedes86@example.net,615226,4.8,56,1974-04-11,Credit card
ID210152,Ashley Garcia,ricardoparker@example.com,233294,3.1,14,2024-10-09,Credit card
ID131031,Jeremy Miller,zrodriguez@example.org,941990,2.7,97,1997-07-17,Credit card
ID424853,Joel Hughes,jason30@example.com,796188,4.6,8,2011-09-29,Credit card
ID618122,John Gonzalez,udiaz@example.org,876396,1.9,15,2006-02-02,Paypal
ID364370,Brooke Mccormick,christophermata@example.com,828596,1.2,14,1981-12-31,Credit card
ID741820,Sharon Scott,tschmidt@example.org,430968,1.5,25,2011-08-23,Paypal
ID458448,Jason Nelson,keith43@example.org,963094,4.7,23,1997-05-22,Bank Transfer
ID644496,Taylor Wallace,jodi73@example.com,631148,2.7,90,2019-08-01,Credit card
ID738966,Kristine Hayes,pbaldwin@example.net,738910,2.2,74,1971-10-16,Credit card
ID293130,Karen Carroll,austinrebecca@example.org,763100,4.9,31,1976-02-29,Paypal
ID179674,Eric Sanchez,hayesmolly@example.net,1034080,1.8,18,2007-04-20,Bank Transfer
ID892929,James Smith,averyjennifer@example.com,1023196,1.3,79,2020-12-04,Paypal
ID605819,Mr. Joshua Owens,lawrence66@example.org,366720,4.1,23,1994-04-08,Paypal
ID229880,Peggy Lewis,chandlersteve@example.com,734280,4.2,94,1999-08-12,Credit card
ID153555,Rebekah Savage,mfinley@example.org,839028,2.3,76,2015-12-14,Paypal
ID573910,Nicole Davis,erin01@example.net,794398,4.1,75,1977-11-07,Bank Transfer
ID316339,Jonathan Ruiz,nancywalker@example.net,403078,1.9,91,2013-12-20,Paypal
ID419913,Stanley Jordan,darleneharris@example.org,1034080,1.6,53,2008-04-22,Credit card
ID233647,Maria Pearson,rward@example.org,441016,4.2,21,1996-12-26,Paypal
ID260175,Jenna Mcdowell,smithcaleb@example.com,909836,4.4,87,1982-03-26,Bank Transfer
ID906885,Christine Gray,matthew86@example.com,918870,1.5,59,2026-04-20,Paypal
ID974295,Amy Austin,matthewbrown@example.net,380178,4.4,67,1995-04-28,Credit card
ID225246,Alicia Roberts,sierrawilliams@example.org,847808,2.4,100,1980-05-21,Paypal
ID629506,Amanda Thompson,donnacoleman@example.net,663702,2.1,85,1970-12-26,Paypal
ID630285,Candace Mccall,andrewgardner@example.net,520766,4.5,33,1977-09-28,Bank Transfer
ID412263,Christopher Alvarez,cunninghambrenda@example.com,1214144,2.0,42,2000-02-08,Credit card
ID735429,John Liu,kimberly68@example.com,1169188,3.6,16,1983-11-28,Paypal
ID828697,Pamela Flores,moniqueward@example.org,652376,1.1,33,1972-09-19,Credit card
ID570870,Beverly Brown,jamesmartin@example.net,627782,2.1,97,1991-02-25,Credit card
ID393818,Andrew Mason,qhall@example.com,64078,4.9,64,2003-10-18,Credit card
ID270213,Jeffrey Booker,amurphy@example.com,945336,3.5,75,2022-05-23,Credit card
ID573105,John Moore,allison73@example.net,192870,3.0,45,2016-05-30,Credit card
ID738291,Elizabeth Brown,haleycook@example.com,912254,3.6,45,2008-11-08,Credit card
ID554271,Samantha Perkins,leesusan@example.com,392526,1.6,6,1992-11-26,Bank Transfer
ID246623,Gregory Rivera,jasonhart@example.org,42197,3.5,35,1991-09-16,Bank Transfer
ID624816,Christopher Atkinson,zpayne@example.org,59014,4.6,17,2024-04-30,Paypal
ID487071,Patty Oconnell,martinjonathan@example.org,768028,2.2,50,1976-02-15,Paypal
ID714313,Renee Nichols,housejason@example.net,812914,2.0,3,1994-07-15,Paypal
ID115465,Daniel Cabrera,robert96@example.org,37821,3.6,20,2002-07-16,Credit card
ID664669,Kent Bean,paige38@example.net,459922,1.2,78,2004-11-02,Paypal
ID303548,Natalie Elliott,karen20@example.org,1217408,2.6,14,2021-08-05,Credit card
ID960870,Michael Cameron,smithstephen@example.net,142666,2.0,90,1986-11-01,Credit card
ID487619,Scott Contreras,thomasheather@example.net,206986,1.1,72,2012-01-08,Credit card
ID498817,Belinda Rogers,samuel89@example.com,803028,3.2,57,2010-01-04,Paypal
ID505470,Joshua Valencia,barrettamy@example.net,403628,3.5,71,1995-08-20,Paypal
ID735309,Christine Jackson,nmiller@example.net,1020244,1.4,59,1998-09-24,Credit card
ID255877,Alexandria Mercer,juan38@example.com,524748,2.2,28,1970-05-29,Bank Transfer
ID210838,Rachel Carrillo,bradley14@example.net,699380,4.9,92,2025-03-15,Credit card
ID541846,David Vazquez,dixonedward@example.com,308690,4.7,47,1984-01-28,Bank Transfer
ID857132,Steven Jones,justindavenport@example.net,1127944,2.0,71,2008-01-05,Bank Transfer
ID573463,Peter Ramsey,cnelson@example.net,1007622,1.5,28,2011-08-11,Bank Transfer
ID854255,Richard Ali,matthewmckay@example.org,654832,2.7,94,1982-05-29,Paypal
ID953479,Christopher Ellis,ubridges@example.org,389018,3.8,5,2021-04-01,Paypal
ID157556,Joe Marshall,pjohnson@example.net,435626,4.6,99,1985-02-20,Paypal
ID558416,Robert Carter,ericpeterson@example.net,406054,1.6,44,1983-03-17,Bank Transfer
ID419335,David Jackson,michelle78@example.org,656364,3.1,33,1995-09-29,Credit card
